,de,uk,TRANSLATION
0,12 ist eine gerade Zahl.,Дванадцять - це парне число.,12 ist eine gerade Zahl.
1,1 ist keine Primzahl.,Одиниця не є простим числом.,1 ist keine Primzahl.
2,3 hoch 3 ist 27.,Три в кубі дорівнює двадцять сім.,3 hoch 3 ist 27.
3,"7 Dollar, bitte.","Сім доларів, будь ласка.","7 Dollar, bitte."
4,Aber der Bauer lächelte ihn an.,Але фермер йому посміхнувся.,Aber der Bauer lächelte ihn an.
5,Aber die Leute haben wenig Hoffnung.,Але в людей замало надії.,Aber die Leute haben wenig Hoffnung.
6,Aber ich hatte keine Angst.,Але я не боявся.,Aber ich hatte keine Angst.
7,Aber sicher!,Звичайно!,Aber sicher!
8,Aber sicher!,Ну звичайно ж!,Aber sicher!
9,Aber warum?,Але чому?,Aber warum?
10,Ach nein! Wirklich?,Не може бути! Серйозно?,Ach nein! Wirklich?
11,"Ach, nur das Übliche.","А, все як завжди.","Ach, nur das Übliche."
12,"Ach richtig, ich hatte ja morgen etwas vor.","А так, завтра я збирався щось робити.","Ach richtig, ich hatte ja morgen etwas vor."
13,Acht Hobbits bilden ein Hobbyte.,Вісім гобітів складають один гобайт.,Acht Hobbits bilden ein Hobbyte.
14,Affen sind intelligent.,Людиноподібні мавпи розумні.,Affen sind intelligent.
15,Ah! Melkt man so eine Kuh?,"А, то он воно як доять корову...",Ah! Melkt man so eine Kuh?
16,"Ah, so melkt man also eine Kuh?","А, то он воно як доять корову...","Ah, so melkt man also eine Kuh?"
17,A ist der erste Buchstabe des Alphabets.,«А» - перша літера алфавіту.,A ist der erste Buchstabe des Alphabets.
18,Akzeptieren Sie Kreditkarten?,Ви приймаєте кредитні картки?,Akzeptieren Sie Kreditkarten?
19,Alice lächelte.,Аліса посміхнулася.,Alice lächelte.
20,Alle auf der Fotografie lächeln.,На фотографії всі усміхаються.,Alle auf der Fotografie lächeln.
21,Alle Bälle sind gelb.,Усі м'ячі жовті.,Alle Bälle sind gelb.
22,Alle Bänke sind besetzt.,Всі лавки зайняті.,Alle Bänke sind besetzt.
23,Alle Blätter des Baums sind gelb geworden.,Усе листя на дереві стало жовтим.,Alle Blätter des Baums sind gelb geworden.
24,Alle blieben.,Всі залишилися.,Alle blieben.
25,Alle Frauen sind schön.,Всі жінки гарні.,Alle Frauen sind schön.
26,Alle haben geschlafen.,Усі спали.,Alle haben geschlafen.
27,Alle haben wir ein Interesse an Geschichte. In gewissem Sinn sind wir alle Historiker.,Ми всі цікавимося історією. У певному сенсі ми всі історики.,Alle haben wir ein Interesse an Geschichte. In gewissem Sinn sind wir alle Historiker.
28,Alle halten Tom für etwas verrückt.,"Усі вважають, що Том трохи божевільний.",Alle halten Tom für etwas verrückt.
29,Alle hassen mich.,Усі мене ненавидять.,Alle hassen mich.
30,Alle hassen Tom.,Всі ненавидять Тома.,Alle hassen Tom.
31,Alle hatten ein gutes Jahr.,У кожного був гарний рік.,Alle hatten ein gutes Jahr.
32,Alle hatten ein gutes Jahr.,Усі вони мали гарний рік.,Alle hatten ein gutes Jahr.
33,Alle hatten Hunger.,Усі хотіли їсти.,Alle hatten Hunger.
34,Alle Hunde sind am Leben.,Всі собаки живі.,Alle Hunde sind am Leben.
35,Alle Hunde sind lebendig.,Всі собаки живі.,Alle Hunde sind lebendig.
36,"Alle Hunde sind Tiere. Jedoch bedeutet das nicht, dass alle Tiere Hunde sind.","Усі собаки - тварини. Але це не значить, що усі тварини - собаки.","Alle Hunde sind Tiere. Jedoch bedeutet das nicht, dass alle Tiere Hunde sind."
37,Alle ihre Bemühungen waren vergebens.,Всі їхні зусилля були марні.,Alle ihre Bemühungen waren vergebens.
38,Alle Jungen spielen gerne Baseball.,Всі хлопці полюбляють грати у бейсбол.,Alle Jungen spielen gerne Baseball.
39,Alle Jungen tanzten.,Усі хлопці танцювали.,Alle Jungen tanzten.
40,Alle kannten das.,Усі це знали.,Alle kannten das.
41,Alle Kinder erhielten ein Geschenk.,Всі діти отримали подарунок.,Alle Kinder erhielten ein Geschenk.
42,Alle lächelten.,Всі посміхнулися.,Alle lächelten.
43,Alle lachten über ihn.,Всі сміялися з нього.,Alle lachten über ihn.
44,Alle lieben ihn.,Його всі люблять.,Alle lieben ihn.
45,Alle lieben mich.,Усі люблять мене.,Alle lieben mich.
46,Alle meine Freunde lieben American Football.,Всі мої друзі люблять американський футбол.,Alle meine Freunde lieben American Football.
47,Alle meine Freunde lieben Fußball.,Всі мої друзі люблять футбол.,Alle meine Freunde lieben Fußball.
48,Alle meine Freunde mögen Computerspiele.,Всі мої друзі люблять комп'ютерні ігри.,Alle meine Freunde mögen Computerspiele.
49,Alle meine Freunde werden da sein.,Там будуть усі мої друзі.,Alle meine Freunde werden da sein.
50,Alle Menschen müssen sterben.,Всі люди повинні померти.,Alle Menschen müssen sterben.
51,Alle Menschen sind gleich.,Всі люди рівні.,Alle Menschen sind gleich.
52,Alle mögen große Pizzas.,Усі люблять великі піци.,Alle mögen große Pizzas.
53,Alle müssen es wissen.,Усі мають знати.,Alle müssen es wissen.
54,Alle mussten Französisch lernen.,Всі мали вивчити французьку.,Alle mussten Französisch lernen.
55,Alle nennen ihn Mac.,Усі називають його Маком.,Alle nennen ihn Mac.
56,Alle reden über Tom.,Усі говорять про Тома.,Alle reden über Tom.
57,Aller guten Dinge sind drei.,Бог любить трійцю.,Aller guten Dinge sind drei.
58,Alle schlafen.,Всі сплять.,Alle schlafen.
59,Alle schlafen.,Усі сплять.,Alle schlafen.
60,Alles gut bei euch?,У всіх усе гаразд?,Alles gut bei euch?
61,Alles Gute zum Geburtstag!,З днем народження!,Alles Gute zum Geburtstag!
62,Alles hängt von deiner Entscheidung ab.,Усе залежить від твого рішення.,Alles hängt von deiner Entscheidung ab.
63,Alles hier gehört mir.,Тут все моє.,Alles hier gehört mir.
64,Alle sind bereit.,Усі готові.,Alle sind bereit.
65,Alle sind geschockt.,Всі в шоці.,Alle sind geschockt.
66,Alle sind sehr beschäftigt.,Усі дуже зайняті.,Alle sind sehr beschäftigt.
67,Alles in Ordnung?,Все добре?,Alles in Ordnung?
68,Alles ist gut.,Все в порядку.,Alles ist gut.
69,Alles ist gut.,Все гаразд.,Alles ist gut.
70,Alles ist gut.,Усе гаразд.,Alles ist gut.
71,Alles ist in Butter.,Все в шоколаді.,Alles ist in Butter.
72,Alles ist möglich.,Можливо все.,Alles ist möglich.
73,Alles ist vorbei.,Все скінчилося.,Alles ist vorbei.
74,Alles oder nichts.,Все чи нічого.,Alles oder nichts.
75,Alles war nur ein Scherz.,Усе було лише жартом.,Alles war nur ein Scherz.
76,"Alles, was du tun musst, ist diesen roten Knopf zu drücken.","Все, що тобі треба зробити, - це натиснути на червону кнопку.","Alles, was du tun musst, ist diesen roten Knopf zu drücken."
77,"Alles, was einen Anfang hat, hat auch ein Ende.","Все, що має початок, має і кінець.","Alles, was einen Anfang hat, hat auch ein Ende."
78,"Alles, was ich habe, ist ein Buch.","Все, що я маю, - це книжка.","Alles, was ich habe, ist ein Buch."
79,"Alles, was Tom gesagt hat, stimmt.","Все, що сказав Том, - правда.","Alles, was Tom gesagt hat, stimmt."
80,Alles wird gut sein.,Все буде в порядку.,Alles wird gut sein.
81,Alles wird gut werden.,Все буде в порядку.,Alles wird gut werden.
82,Alles wird gut.,Все буде добре.,Alles wird gut.
83,Alle überlebten.,Всі вижили.,Alle überlebten.
84,Alle Vögel haben Federn.,Всі птахи мають пір'я.,Alle Vögel haben Federn.
85,Alle waren auf meinen Erfolg neidisch.,Усі заздрили моєму успіху.,Alle waren auf meinen Erfolg neidisch.
86,Alle waren zufrieden.,Усі були задоволені.,Alle waren zufrieden.
87,Alle Wege führen nach Rom.,Всі дороги ведуть до Риму.,Alle Wege führen nach Rom.
88,Alle Wege führen nach Rom.,Усі шляхи ведуть до Риму.,Alle Wege führen nach Rom.
89,Almaty ist meine Lieblingsstadt!,Алмати - моє улюблене місто!,Almaty ist meine Lieblingsstadt!
90,"Als ich aufwachte, fiel Schnee.","Коли я прокинулася, йшов сніг.","Als ich aufwachte, fiel Schnee."
91,Als Jugendlicher schrieb Tom gerne Gedichte.,"Коли Том був підлітком, він любив віршувати.",Als Jugendlicher schrieb Tom gerne Gedichte.
92,Als Jugendlicher schrieb Tom gerne Gedichte.,"Коли Том був підлітком, він любив писати вірші.",Als Jugendlicher schrieb Tom gerne Gedichte.
93,"Also, sagen wir Feierabend?","Отож, на сьогодні досить?","Also, sagen wir Feierabend?"
94,Also sprach Zarathustra.,Так казав Заратустра.,Also sprach Zarathustra.
95,Alte Teppiche sind wertvoller als neue.,Старі килими коштовніші за нові.,Alte Teppiche sind wertvoller als neue.
96,Alte Teppiche sind wertvoller als neue.,Старі килими цінніші за нові.,Alte Teppiche sind wertvoller als neue.
97,Aluminium ist ein Metall.,Алюміній - метал.,Aluminium ist ein Metall.
98,Am 24. Dezember ist Heiligabend.,24 грудня - канун Різдва.,Am 24. Dezember ist Heiligabend.
99,Am Anfang schuf Gott Himmel und Erde.,На початку Бог створив Небо та землю.,Am Anfang schuf Gott Himmel und Erde.
100,Amerikaner sind überaus freundliche Leute.,Американці - дуже дружелюбні люди.,Amerikaner sind überaus freundliche Leute.
101,Am Tage ihrer Hochzeit sind alle Bräute schön.,У день весілля всі наречені красиві.,Am Tage ihrer Hochzeit sind alle Bräute schön.
102,Am Wochenende arbeite ich nie.,Я ніколи не працюю у вихідні.,Am Wochenende arbeite ich nie.
103,An Deck sind 48 Seeleute.,На борту сорок вісім моряків.,An Deck sind 48 Seeleute.
104,An deiner Stelle ginge ich sofort nach Hause.,На твоєму місці я би відразу пішов додому.,An deiner Stelle ginge ich sofort nach Hause.
105,An deiner Stelle würde ich das nicht machen.,На твоєму місці я би не став цього робити.,An deiner Stelle würde ich das nicht machen.
106,An der Wand hängt eine Karte.,На стіні висить географічна карта.,An der Wand hängt eine Karte.
107,An der Wand hängt eine Karte.,На стіні висить мапа.,An der Wand hängt eine Karte.
108,Angelica Pickles ist sehr egoistisch.,Анжеліка Піклз дуже егоїстична.,Angelica Pickles ist sehr egoistisch.
109,Angenehm!,Приємно познайомитися!,Angenehm!
110,Anja lebt in Danzig.,Аня живе у Гданьску.,Anja lebt in Danzig.
111,Ankara ist die Hauptstadt der Türkei.,Анкара - столиця Туреччини.,Ankara ist die Hauptstadt der Türkei.
112,An meinem Mantel ist ein Knopf abgegangen.,В мене на плащі один ґудзик відірвався.,An meinem Mantel ist ein Knopf abgegangen.
113,"Anna Achmatowa, Maxim Gorki, Arkadi Gaidar, Mark Twain, O. Henry, George Sand, Stendhal, Molière, Voltaire – diese alle tragen nicht ihren richtigen Familiennamen, sondern ein Pseudonym.","Анна Ахматова, Максим Горький, Аркадій Гайдар, Марк Твен, О. Генрі, Жорж Санд, Стендаль, Мольєр, Вольтер... У них у всіх не справжні прізвища, а псевдоніми.","Анна Achmatowa, Maxim Gorki, Arkadi Gaidar, Mark Twain, O. Henry, George Sand, Stendhal, Molière, Voltaire  diese alle tragen nicht ihren richtigen Familiennamen, sondern ein Pseudonym."
114,Ann mag Schokolade sehr.,Ганна дуже любить шоколад.,Ann mag Schokolade sehr.
115,"Anstatt zur Schule zu gehen, blieb er zuhause.","Замість того, щоб іти до школи, він лишився вдома.","Anstatt zur Schule zu gehen, blieb er zuhause."
116,Antworte mir.,Дай мені відповідь.,Antworte mir.
117,Antworten Sie auf Englisch.,Відповідайте англійською.,Antworten Sie auf Englisch.
118,Antworten Sie auf Englisch.,Дайте відповідь англійською.,Antworten Sie auf Englisch.
119,Antwortet auf Englisch.,Відповідайте англійською.,Antwortet auf Englisch.
120,Äpfel sind rot.,Яблука червоні.,Äpfel sind rot.
121,Äpfel wachsen auf Bäumen.,Яблука ростуть на деревах.,Äpfel wachsen auf Bäumen.
122,Araber verfolgen mich.,Араби мене переслідують.,Araber verfolgen mich.
123,Arbeit adelt.,Праця облагороджує.,Arbeit adelt.
124,"Arbeite schnell, iss langsam!","Працюй швидко, їж повільно.","Arbeite schnell, iss langsam!"
125,Arbeitest du morgen früh im Hotel?,Ти працюватимеш в готелі завтра вранці?,Arbeitest du morgen früh im Hotel?
126,"Argentinien, Chile, Uruguay, Paraguay und Südbrasilien sind Teil des Südkegels.","Аргентина, Чилі, Уругвай, Парагвай та Південна Бразилія є частиною Південного Конуса.","Аргентини, Чилі, Уругвай, Парагвай und Südbrasilien sind Teil des Südkegels."
127,Ärgere dich nicht.,Не злостися!,Ärgere dich nicht.
128,Astana ist die Hauptstadt von Kasachstan.,Астана - столиця Казахстану.,Astana ist die Hauptstadt von Kasachstan.
129,Atmen Sie tief ein und entspannen Sie sich.,Глибоко зітхніть і розслабтеся.,Atmen Sie tief ein und entspannen Sie sich.
130,Atmen Sie tief ein.,Глибоко вдихніть.,Atmen Sie tief ein.
131,Atmet ein.,Вдихніть.,Atmet ein.
132,Atmet sie?,Вона дихає?,Atmet sie?
133,Auch das noch!,Лише цього не вистачало!,Auch das noch!
134,Auch die schwärzeste Kuh gibt nur weiße Milch.,Навіть найчорніша корова дає лише біле молоко.,Auch die schwärzeste Kuh gibt nur weiße Milch.
135,Auch er ist Schriftsteller.,Він теж письменник.,Auch er ist Schriftsteller.
136,Auch Gott versteht Esperanto.,Бог теж розуміє есперанто.,Auch Gott versteht Есперанто.
137,Auch ich liebe euch.,Я вас теж кохаю.,Auch ich liebe euch.
138,Auch ich mag Süßigkeiten.,Мені також подобаються цукерки.,Auch ich mag Süßigkeiten.
139,Auch meine Mutter ist Lehrerin.,Моя мати теж вчителька.,Auch meine Mutter ist Lehrerin.
140,Auch sie liebt Schokolade.,Вона теж обожнює шоколад.,Auch sie liebt Schokolade.
141,"Auch wenn Amerika ein entwickeltes Land ist, findet man dort nicht wenige sehr arme Menschen.","Хоча Сполучені Штати й розвинена країна, проте там є дуже бідні люди.","Auch wenn Amerika ein entwickeltes Land ist, findet man dort nicht wenige sehr arme Menschen."
142,Auf dem Dokument stand seine Unterschrift.,На документі стояв його підпис.,Auf dem Dokument stand seine Unterschrift.
143,Auf dem Mond gibt es keine Luft.,На Місяці немає повітря.,Auf dem Mond gibt es keine Luft.
144,Auf dem Tisch befindet sich eine Blume.,На столі квітка.,Auf dem Tisch befindet sich eine Blume.
145,Auf dem Tisch liegt ein Apfel.,На столі є яблуко.,Auf dem Tisch liegt ein Apfel.
146,Auf dem Tisch liegt eine Melone.,На столі лежить диня.,Auf dem Tisch liegt eine Melone.
147,Auf dem Tisch steht eine Vase.,На столі стоїть ваза.,Auf dem Tisch steht eine Vase.
148,Auf dem Weg zur Schule habe ich mein Portemonnaie verloren.,Я загубив гаманець по дорозі до школи.,Auf dem Weg zur Schule habe ich mein Portemonnaie verloren.
149,Auf der Insel ist es das ganze Jahr über warm.,На цьому острові тепло цілий рік.,Auf der Insel ist es das ganze Jahr über warm.
150,Auf der Insel ist es ganzjährig warm.,На цьому острові тепло цілий рік.,Auf der Insel ist es ganzjährig warm.
151,Auf der Straße ist niemand zu sehen.,На вулиці нікого не видно.,Auf der Straße ist niemand zu sehen.
152,Auf der Welt gibt es mehr als siebentausend Sprachen.,У свiтi бiльше нiж сiм тисяч мов.,Auf der Welt gibt es mehr als siebentausend Sprachen.
153,Auf die Knie!,На коліна!,Auf die Knie!
154,Auf was warten wir?,На що ми чекаємо?,Auf was warten wir?
155,Auf welches Pferd hast du gewettet?,На якого коня ти поставив?,Auf welches Pferd hast du gewettet?
156,Auf wen wartest du?,На кого ти чекаєш?,Auf wen wartest ду?
157,Auf wen wartet ihr?,На кого ви чекаєте?,Auf wen wartet ihr?
158,"Auf Wiedersehen, Sayoko.","До побачення, Сайоко.","Auf Wiedersehen, Sayoko."
159,Auf Wiedersehen!,До побачення!,Auf Wiedersehen!
160,Auf Wiedersehen!,Побачимося!,Auf Wiedersehen!
161,Auf wie vielen Konzerten warst du letztes Jahr?,Скільки концертів ти відвідала минулого року?,Auf wie vielen Konzerten warst du letztes Jahr?
162,Auf wie vielen Konzerten wart ihr letztes Jahr?,Скільки концертів ви відвідали минулого року?,Auf wie vielen Konzerten wart ihr letztes Jahr?
163,Augenblick...,Хвилиночку...,Augenblick...
164,Augen sind die Fenster der Seele.,Очі - це вікна душі.,Augen sind die Fenster der Seele.
165,Aus dem kleinen Mädchen wurde eine schöne Frau.,Маленька дівчинка перетворилася на гарну жінку.,Aus dem kleinen Mädchen wurde eine schöne Frau.
166,Ausnahmen bestätigen die Regel.,Винятки підтверджують правила.,Ausnahmen bestätigen die Regel.
167,Aus persönlichen Gründen.,З особистих причин.,Aus persönlichen Gründen.
168,Außer mir hat er keine Freunde.,"У нього немає друзів, окрім мене.",Außer mir hat er keine Freunde.
169,Außer seinen Eltern kennt ihn niemand richtig.,"Окрім його батьків, ніхто не знає його як слід.",Außer seinen Eltern kennt ihn niemand richtig.
170,Australien exportiert viel Wolle.,Австралія експортує багато вовни.,Австраліан експортує viel Wolle.
171,Australien ist nicht Österreich.,Австралія - це не Австрія.,Australien ist nicht Österreich.
172,Aus wie vielen Inseln besteht Indonesien?,Скільки Індонезія має островів?,Aus wie vielen Inseln besteht Indonesien?
173,Babys fallen oft um.,Діти часто падають.,Babys fallen oft um.
174,Babys fallen oft.,Діти часто падають.,Babys fallen oft.
175,Baku ist die Hauptstadt Aserbaidschans.,Баку - столиця Азербайджану.,Baku ist die Hauptstadt Aserbaidschans.
176,Bald ist es Frühling.,Скоро весна.,Bald ist es Frühling.
177,Bald ist Neujahr.,Скоро Новий Рік.,Bald ist Neujahr.
178,Bald werden wir fünfundsiebzigtausend russische Sätze haben.,Скоро ми матимемо сімдесят п’ять тисяч російських речень.,Bald werden wir fünfundsiebtausend russische Sätze haben.
179,Bananen schmecken gut.,Банани смачні.,Bananen schmecken gut.
180,Barack Obama ist Christ.,Барак Обама християнин.,Barack Obama ist Christ.
181,Barcelona ist die Hauptstadt Kataloniens und zweitgrößte Stadt Spaniens.,Барселона - це столиця Каталонії та друге за розмірами місто Іспанії.,Barcelona ist die Hauptstadt Kataloniens und zweitgrößte Stadt Spaniens.
182,Barcelona ist die Hauptstadt von Katalonien und die zweitgrößte Stadt Spaniens.,Барселона - це столиця Каталонії та друге за розмірами місто Іспанії.,Barcelona ist die Hauptstadt von Katalonien und die zweitgrößte Stadt Spaniens.
183,Bären mögen Honig.,Ведмеді люблять мед.,Bären mögen Honig.
184,Bäume leben.,Дерева живі.,Bäume leben.
185,Beantworten Sie die Frage!,Відповідайте на запитання!,Beantworten Sie die Frage!
186,Beantworten Sie die Frage!,Дайте відповідь на питання!,Beantworten Sie die Frage!
187,Beeil dich! Sonst verpasst du noch den Zug.,"Хутко, бо не встигнеш на потяг.",Beeil dich! Sonst verpasst du noch den Zug.
188,Beeilen Sie sich! Sonst verpassen Sie noch den Zug.,"Хутко, бо не встигнете на потяг.",Beeilen Sie sich! Sonst verpassen Sie noch den Zug.
189,Beeilen wir uns lieber!,Нам краще поспiшити.,Beeilen wir uns lieber!
190,"Beeilt euch, Leute!","Покваптеся, хлопці.","Beeilt euch, Leute!"
191,"Beeilt euch, sonst verpasst ihr den Zug.","Покваптеся, бо спізнитеся на потяг.","Beeilt euch, sonst verpasst ihr den Zug."
192,Beeilt euch! Sonst verpasst ihr noch den Zug.,"Хутко, бо не встигнете на потяг.",Beeilt euch! Sonst verpasst ihr noch den Zug.
193,Beethoovens „Ode an die Freude“ ist die offizielle Hymne der Europäischen Union.,«Ода до радості» Бетховена - офіційний гімн Європейського союзу.,Beethoovens Ode an die Freude ist die offizielle Hymne der Europäischen Union.
194,Befreit Bolivien!,Свободу Болівії!,Befreit Боліvien!
195,Beginnen Sie noch einmal.,Почніть знову.,Beginnen Sie noch einmal.
196,Bei dem dichten Nebel war die Straße kaum zu sehen.,Через густий туман на дорозі була погана видимість.,Bei dem dichten Nebel war die Straße kaum zu sehen.
197,Beide sind am Leben.,Вони обидва живі.,Beide sind am Leben.
198,Beide sind am Leben.,Обидва живі.,Beide sind am Leben.
199,Beide sind tot.,Вони обидва мертві.,Beide sind tot.
200,Beide sind tot.,Вони обидві мертві.,Beide sind tot.
201,Bei einem Brand benutzen Sie bitte die Treppe.,"У разі пожежі, користуйтеся сходами.",Bei einem Brand benutzen Sie bitte die Treppe.
202,Beißt dein Hund?,Твій собака кусається?,Beißt dein Hund?
203,Bei uns ist alles in Ordnung.,У нас все гаразд.,Bei uns ist alles in Ordnung.
204,Beleidigen Sie mich nicht!,Не ображайте мене.,Beleidigen Sie mich nicht!
205,Belgien ist nicht so groß wie Frankreich.,"Бельгія не така велика, як Франція.",Belgien ist nicht so groß wie Frankreich.
206,Belgrad ist die Hauptstadt von Serbien.,Белград - столиця Сербії.,Belgrad ist die Hauptstadt von Serbien.
207,Belgrad ist die Hauptstadt von Serbien.,Белград - це столиця Сербії.,Belgrad ist die Hauptstadt von Serbien.
208,Benehmen Sie sich nicht wie ein Kind!,"Не поводьтеся, як дитина.",Benehmen Sie sich nicht wie ein Kind!
209,Benimm dich anständig.,Поводься чемно.,Benimm dich anständig.
210,Benimm dich nicht wie ein Kind!,"Не поводься, як дитина.",Benimm dich nicht wie ein Kind!
211,Berlin ist eine deutsche Stadt.,Берлін - німецьке місто.,Berlin ist eine deutsche Stadt.
212,Besser ein Vogel in der Hand als zehn in der Luft.,"Краще синиця в жмені, ніж журавель в небі.",Besser ein Vogel in der Hand als zehn in der Luft.
213,Besser.,Так ліпше.,Besser.
214,Betreibst du irgendwelche Sportarten?,Ти займаєшся якими-небудь видами спорту?,Betreibst du irgendwelche Sportarten?
215,Betty ist eine Serienmörderin.,Бетті - серійна вбивця.,Betty ist eine Serienmörderin.
216,Betty kam als letzte.,Беті прийшла останньою.,Betty kam als letzte.
217,Betty spricht sehr gut Esperanto.,Беті дуже добре розмовляє на есперанто.,Betty spricht sehr gut Есперанто.
218,Beweise es.,Доведи це.,Beweise е.
219,"Bezahl, was du möchtest.","Заплати стільки, скільки хочеш.","Bezahl, was ду möchtest."
220,Biegen Sie an der Kreuzung rechts ab.,Поверніть праворуч на перехресті.,Biegen Sie an der Kreuzung rechts ab.
221,Bill geht oft in den Park.,Білл часто ходить до парку.,Bill geht oft in den Park.
222,Billig ist teuer.,Скупий платить двічі.,Billig ist teuer.
223,Bill kommt nächste Woche zurück.,Біл повернеться наступного тижня.,Bill kommt nächste Woche zurück.
224,Bill lebt nah am Meer.,Біл живе недалеко від моря.,Bill lebt nah am Meer.
225,Bill raucht nicht mehr.,Білл більше не палить.,Bill raucht nicht mehr.
226,"Bill, ruf mich heute Abend an.","Біле, зателефонуй мені сьогодні ввечері.","Bill, ruf mich heute Abend an."
227,Bill war in Japan.,Біл був у Японії.,Bill war in Japan.
228,Bill wohnt in der Nähe des Meeres.,Біл живе недалеко від моря.,Bill wohnt in der Nähe des Meeres.
229,Bin ich bereit?,Я готова?,Bin ich bereit?
230,Bin ich bereit?,Я готовий?,Bin ich bereit?
231,Bin ich gefeuert?,Я звільнена?,Bin ich gefeuert?
232,Bin ich in London?,Чи я в Лондоні?,Bin ich in London?
233,Bin ich in London?,Я в Лондоні?,Bin ich in London?
234,Bis bald!,Побачимося!,Bis bald!
235,Bis fünf Uhr wird er wieder zurück sein.,Він повернеться з школи до п'ятої.,Bis fünf Uhr wird er wieder zurück sein.
236,Bis morgen!,До завтра!,Bis morgen!
237,Bis nächste Woche!,Побачимося наступного тижня.,Bis nächste Woche!
238,Bis später!,Побачимось пізніше!,Bis später!
239,Bist du am Arbeiten?,Ти на роботі?,Bist du am Arbeiten?
240,Bist du Amerikaner?,Ти американець?,Bist du Amerikaner?
241,Bist du an Musik interessiert?,Тебе цікавить музика?,Bist du an Musik зацікавлений?
242,Bist du Atheist?,Ти атеїст?,Bist du Atheist?
243,Bist du Atheist?,Ти атеїстка?,Bist du Atheist?
244,Bist du aus den Vereinigten Staaten?,Ти зі Сполучених Штатів?,Bist ду aus den Vereinigten Staaten?
245,Bist du Ausländer?,Ти іноземець?,Bist du Ausländer?
246,Bist du bei mir?,Ти зі мною?,Bist du bei mir?
247,Bist du bereit anzufangen?,Готовий починати?,Bist du bereit anzufangen?
248,"Bist du bereit, aus dem Haus zu gehen?",Готовий іти надвір?,"Bist du bereit, aus dem Haus zu gehen?"
249,Bist du Deutscher?,Ти німець?,Bist du Deutscher?
250,Bist du dick?,Ти гладкий?,Bist ду дик?
251,Bist du eine gute Tänzerin?,Ти добре танцюєш?,Bist du eine gute Tänzerin?
252,Bist du ein Einzelkind?,Ти єдина дитина?,Bist du ein Einzelkind?
253,Bist du ein guter Tänzer?,Ти добре танцюєш?,Bist du ein guter Tänzer?
254,Bist du ein Mensch?,Ти людина?,Bist du ein Mensch?
255,Bist du ein Vampir?,Ти вампір?,Bist du ein Vampir?
256,Bist du Engländer?,Ти англієць?,Bist du Engländer?
257,Bist du enttäuscht?,Ти розчарована?,Bist du enttäuscht?
258,Bist du es?,Це ти?,Bist ду е?
259,Bist du fertig?,Ти готова?,Bist du fertig?
260,Bist du fertig?,Ти готовий?,Bist du fertig?
261,Bist du gesund?,Ти здорова?,Bist ду gesund?
262,Bist du gesund?,Ти здоровий?,Bist ду gesund?
263,"Bist du gewarnt, bist du gewappnet.",Попереджений - означає озброєнний.,"Bist ду геwarnt, bist ду gewappnet."
264,Bist du heute beschäftigt?,Ти сьогодні зайнятий?,Bist du heute beschäftigt?
265,Bist du heute in die Schule gegangen?,Ти сьогодні ходив до школи?,Bist du heute in die Schule gegangen?
266,Bist du heute in die Schule gegangen?,Ти сьогодні ходила до школи?,Bist du heute in die Schule gegangen?
267,Bist du hier beschäftigt?,Ти тут зайнята?,Bist du hier beschäftigt?
268,Bist du hier beschäftigt?,Ти тут зайнятий?,Bist du hier beschäftigt?
269,Bist du in Australien?,Ти в Австралії?,Bist du in Австраліан?
270,Bist du in Tom verliebt?,Ти закохана у Тома?,Bist du in Tom verliebt?
271,Bist du in Tom verliebt?,Ти закоханий у Тома?,Bist du in Tom verliebt?
272,Bist du Japaner?,Ти японець?,Bist ду Japaner?
273,Bist du jemals in Afrika gewesen?,Ти колись був у Африці?,Bist du jemals in Afrika gewesen?
274,Bist du jemals in Afrika gewesen?,Ти колись була в Африці?,Bist du jemals in Afrika gewesen?
275,Bist du Marys Ehemann?,Ти чоловік Мері?,Bist du Marys Ehemann?
276,Bist du mit deinen Hausaufgaben fertig?,Ти вже доробив домашнє завдання?,Bist du mit deinen Hausaufgaben fertig?
277,Bist du mit den Hausaufgaben fertig?,Ти вже доробив домашнє завдання?,Bist du mit den Hausaufgaben fertig?
278,Bist du nervös?,Ти нервуєш?,Bist du nervös?
279,Bist du nicht Toms Mutter?,Хіба ти не мама Тома?,Bist du nicht Toms Mutter?
280,Bist du nicht Tom?,Хіба ти не Том?,Bist du nicht Tom?
281,Bist du noch immer müde?,Ти все ще сонний?,Bist du noch immer müde?
282,Bist du noch verheiratet?,Ти все ще одружена?,Bist du noch verheiratet?
283,Bist du schlechter Laune?,В тебе поганий настрій?,Bist ду schlechter Laune?
284,Bist du schon mal in Indien gewesen?,Ти колись бував у Індії?,Bist du schon mal in Indien gewesen?
285,Bist du sicher?,Ти впевнений?,Bist du sicher?
286,Bist du stolz auf deinen Vater?,Ти пишаєшся своїм батьком?,Bist du stolz auf deinen Vater?
287,Bist du traurig?,Тобі сумно?,Bist ду траurig?
288,Bist du übelgelaunt?,В тебе поганий настрій?,Bist du übelgelaunt?
289,Bist du über achtzehn?,Ти старше 18?,Bist du über achtzehn?
290,Bist du Übersetzer?,Ти перекладач?,Bist du Übersetzer?
291,Bist du Vegetarierin?,Ти вегетаріанка?,Bist du Vegetarierin?
292,Bist du verheiratet?,Ти заміжня?,Bist ду verheiratet?
293,Bist du zehn Jahre alt?,Тобі десять років?,Bist du zehn Jahre alt?
294,Bist du zurückgekommen?,Ти повернувся?,Bist du zurückgekommen?
295,Bitte beantworten Sie diese Frage für mich.,"Будь-ласка, дай мені відповідь на це запитання.",Bitte beantworten Sie diese Frage für mich.
296,Bitte beeil dich!,"Будь ласка, поквапся!",Bitte beeil dich!
297,Bitte bleiben Sie sitzen.,"Будь ласка, не вставайте.",Bitte bleiben Sie sitzen.
298,Bitte entferne den Kommentar.,"Видалiть коментар, будь-ласка.",Bitte entferne den Kommentar.
299,"Bitte entschuldigen Sie, aber ich glaube das ist mein Platz.","Перепрошую, але я думаю, що це моє місце.","Bitte entschuldigen Sie, aber ich glaube das ist mein Platz."
300,Bitte entschuldigen Sie mein Zuspätkommen.,Перепрошую за запізнення.,Bitte entschuldigen Sie mein Zuspätkommen.
301,Bitte erlauben Sie mir zu gehen.,"Будь ласка, дозвольте мені піти.",Bitte erlauben Sie mir zu gehen.
302,Bitte komm in drei Tagen.,"Будь ласка, прийди за три дні.",Bitte komm in drei Tagen.
303,"Bitte, mach dir keine Sorgen.","Не турбуйся, будь ласка.","Bitte, mach dir keine Sorgen."
304,Bitte nehmen Sie Platz!,"Сідайте, будь ласка!",Bitte nehmen Sie Platz!
305,Bitte nicht im Klassenzimmer rennen.,"Будь-ласка, не бігай у класі.",Bitte nicht im Klassenzimmer rennen.
306,Bitte öffnen Sie ihre Tasche.,"Відкрийте сумку, будь ласка.",Bitte öffnen Sie ihre Tasche.
307,Bitte öffnen Sie seine Tasche.,"Відкрийте сумку, будь ласка.",Bitte öffnen Sie seine Tasche.
308,Bitte rufen Sie ihn an.,"Зателефонуйте йому, будь ласка.",Bitte rufen Sie ihn an.
309,Bitte schön.,Нема за що.,Bitte schön.
310,Bitte sende es mir per Fax.,"Відправ мені це факсом, будь ласка.",Bitte sende es mir per Fax.
311,Bitte singe ein Lied.,"Заспівай пісню, будь ласка.",Bitte singe ein Lied.
312,Bitte sprechen Sie langsamer.,"Будь ласка, розмовляйте повільніше.",Bitte sprechen Sie langsamer.
313,Bitte stehen Sie nicht auf.,"Не вставайте, будь ласка.",Bitte stehen Sie nicht auf.
314,Bitte steh nicht auf.,"Не вставай, будь ласка.",Bitte steh nicht auf.
315,Bitte steht nicht auf.,"Не вставайте, будь ласка.",Bitte steht nicht auf.
316,"Bitte Tom, nicht auf mich zu warten!",Попроси Тома не чекати на мене.,"Bitte Tom, nicht auf mich zu warten!"
317,"Bitte, trink etwas!",Випийте щось.,"Будьте, тринк etwas!"
318,Bitte übersetzen Sie diesen japanischen Text ins Französische.,"Перекладіть цей японський текст на французьку, будь ласка.",Bitte übersetzen Sie diesen japanischen Text ins Französische.
319,Bitte verbinden Sie mich mit Herrn Smith.,"З'єднайте мене з паном Смітом, будь ласка.",Bitte verbinden Sie mich mit Herrn Smith.
320,Bitte weine nicht.,"Не плач, будь ласка.",Bitte weine nicht.
321,Bitte zeigen Sie mir diese Fotos.,"Будьте ласкаві, покажіть мені ці фотографії.",Bitte zeigen Sie mir diese Fotos.
322,Bleibt Tom zum Abendessen?,Том залишиться на вечерю?,Bleibt Tom zum Abendessen?
323,Blinde glauben nicht an die Liebe auf den ersten Blick.,Сліпі не вірять у кохання з першого погляду.,Blinde glauben nicht an die Liebe auf den ersten Blick.
324,"Bob aß die Schnecke, dann erbrach er sich.","Боб з'їв равлика, потім виригав.","Боб aß die Schnecke, dann erbrach er sich."
325,Bob hat mir geholfen.,Боб мені допоміг.,Боб Hat mir geholfen.
326,Bob war sehr glücklich.,Боб був дуже щасливий.,Боб war sehr glücklich.
327,Boston ist langweilig.,Бостон нудний.,Boston ist langweilig.
328,Boston verändert sich.,Бостон змінюється.,Boston verändert sich.
329,Bratislava ist die Hauptstadt der Slowakei.,Братислава - столиця Словаччини.,Bratislava ist die Hauptstadt der Slowakei.
330,Brauchen Sie einen Krankenwagen?,Вам потрібна швидка допомога?,Brauchen Sie einen Krankenwagen?
331,Brauchen Sie Geld?,Вам потрібні гроші?,Brauchen Sie Geld?
332,Brauchen wir einen Plan B?,"Ми потребуємо плану ""Б""?",Brauchen wir einen Plan B?
333,Brauchen wir einen Plan B?,"Нам потрібний план ""Б""?",Brauchen wir einen Plan B?
334,Brauchst du meine Hilfe noch?,Тобі все ще потрібна моя допомога?,Brauchst ду meine Hilfe noch?
335,Brauchst du unsere Hilfe?,Тобі потрібна наша допомога?,Brauchst ду unsere Hilfe?
336,Brauchst du viel Geld?,Тобі потрібно багато грошей?,Brauchst ду viel Geld?
337,Braucht ihr einen Krankenwagen?,Вам потрібна швидка?,Braucht ihr einen Krankenwagen?
338,Braucht ihr einen Krankenwagen?,Вам потрібна швидка допомога?,Braucht ihr einen Krankenwagen?
339,Brian hat einen Lippenstift für Kate gekauft.,Брайан купив для Кейт губну помаду.,Brian hat einen Lippenstift für Kate gekauft.
340,Brich niemals dein Versprechen!,Ніколи не порушуй своєї обіцянки.,Brich niemals dein Versprechen!
341,Bringen Sie mir etwas kaltes Wasser.,Принесіть мені холодної води.,Bringen Sie mir etwas kaltes Wasser.
342,Bring es mir.,Принеси його мені.,Bring es mir.
343,"Bring mir etwas Wasser, aber schnell!","Принеси мені води, швиденько.","Bring mir etwas Wasser, aber schnell!"
344,Bronislaw ist 18 Jahre alt.,Броніславу вісімнадцять років.,Bronislaw ist 18 Jahre alt.
345,"Brustschwimmen kann ich, aber Rückenschwimmen nicht.","Я можу плисти на животі, але не на спині.","Brustschwimmen kann ich, aber Rückenschwimmen nicht."
346,Bulgarien ist ein wunderschönes Land.,Болгарія - прекрасна країна.,Bulgarien ist ein wunderschönes Land.
347,Butter macht man aus Milch.,Масло роблять з молока.,Butter macht man aus Milch.
348,Butter wird aus Milch gemacht.,Масло роблять з молока.,Butter wird aus Milch gemacht.
349,Carol hat Kopfweh.,У Керол болить голова.,Carol hat Kopfweh.
350,Caty ist lesbisch.,Кеті лесбіянка.,Caty ist lesbisch.
351,Champagner wird aus Frankreich importiert.,Шампанське імпортують із Франції.,Champagner wird aus Frankreich importiert.
352,China ist das größste Land Asiens.,Китай - найбільша країна в Азії.,China ist das größste Land Asiens.
353,China ist das größte Land in Asien.,Китай - найбільша країна в Азії.,China ist das größte Land in Asien.
354,China ist ein großes Land.,Китай - велика країна.,China ist ein großes Land.
355,China ist größer als Japan.,"Китай більший, ніж Японія.",China ist größer als Japan.
356,Christiano Ronaldo ist ein Fußballspieler.,Кріштіану Роналду - футболіст.,Christiano Ronaldo ist ein Fußballspieler.
357,Christoph Kolumbus entdeckte Amerika im Jahre 1492.,Христофор Колумб відкрив Америку в 1492 році.,Кристоф Колумбс entdeckte Америка im Jahre 1492.
358,"Christoph Kolumbus fand einst den Heiligen Gral, warf ihn aber weg, weil ihm die Farbe nicht gefiel.","Христофор Колумб якось знайшов Святий Грааль, але викинув його, бо йому не сподобався колір.","Christoph Kolumbus fand einst den Heiligen Gral, warf ihn aber weg, weil ihm die Farbe nicht gefiel."
359,Computer machen die Leute dumm.,Комп'ютери роблять із людей ідіотів.,Computer machen die Leute dumm.
360,Computer machen Menschen dumm.,Комп'ютери роблять із людей ідіотів.,Computer machen Menschen dumm.
361,Coolidge hat die Wahl im Jahre 1924 spielend gewonnen.,Кулідж легко переміг на виборах у 1924 році.,Coolidge hat die Wahl im Jahre 1924 spielend виграний.
362,Cristiano Ronaldo ist ein Fußballspieler.,Кріштіану Роналду - футболіст.,Cristiano Ronaldo ist ein Fußballspieler.
363,Cristiano Ronaldo ist Fußballer.,Кріштіану Роналду - футболіст.,Cristiano Ronaldo ist Fußballer.
364,"Da du gekocht hast, kümmere ich mich um den Abwasch.","Оскільки ти готувала, я помию посуд.","Da du gekocht hast, kümmere ich mich um den Abwasch."
365,Da fehlt eine Seite.,Не вистачає сторінки.,Da fehlt eine Seite.
366,Dafür bin ich zu alt.,Я для цього занадто стара.,Dafür bin ich zu alt.
367,Da hängt ein Schatten über mir.,Наді мною нависла тінь.,Da hängt ein Schatten über mir.
368,Da ist eine Katze auf dem Stuhl.,На стільці є кіт.,Da ist eine Katze auf dem Stuhl.
369,Da ist eine weiße Taube auf dem Dach.,На даху сидить білий голуб.,Da ist eine weiße Taube auf dem Dach.
370,Da ist ein Hund an der Tür.,Біля дверей стоїть пес.,Da ist ein Hund an der Tür.
371,Damals waren wir jünger.,Тоді ми були молодші.,Damals waren wir jünger.
372,Damals war Mary Toms Freundin.,Мері тоді була дівчиною Тома.,Damals war Mary Toms Freundin.
373,Damals war Tom mein einziger Freund.,На той час Том був моїм єдиним другом.,Damals war Tom mein einziger Freund.
374,Damit hat Tom nicht gerechnet.,Том цього не очікував.,Damit hat Tom nicht gerechnet.
375,Daniela hat mich zu Hause angerufen.,Даніела зателефонувала мені додому.,Daniela hat mich zu Hause angerufen.
376,Dank dir habe ich meinen Appetit verloren.,Через тебе я втратив апетит.,Dank dir habe ich meinen Appetit verloren.
377,„Danke!“ – „Bitte!“,"Дякую. - ""Прошу"".",Danke! Bitte!
378,"Danke, das ist alles.","Дякую, це все.","Danke, das ist alles."
379,"Danke, dass Sie mich eingeladen haben.","Дякую, що запросили мене!","Danke, dass Sie mich eingeladen haben."
380,Danke für das Kompliment!,Дякую за комплімент.,Danke für das Kompliment!
381,Danke für das wunderbare Essen.,Дякую за чудову їжу.,Danke für das wunderbare Essen.
382,Danke für deine Antwort.,Дякую за відповідь.,Danke für deine Antwort.
383,Danke für deine Erklärung.,Дякую за пояснення.,Danke für deine Erklärung.
384,Danke für deine freundlichen Worte!,Дякую за добрі слова.,Danke für deine freundlichen Worte!
385,Danke für deine Geduld!,Дякую тобі за терпіння.,Danke für deine Geduld!
386,Danke für dein Geschenk.,Дякую тобі за подарунок.,Danke für dein Geschenk.
387,Danke für die Blumen!,Дякую за квіти.,Danke für die Blumen!
388,"Danke für die Hilfe. ""Keine Ursache.""",«Дякую за допомогу.» «Нема за що.»,"Danke für die Hilfe. ""Keine Ursache."""
389,Danke für die Pizza!,Дякуємо за піцу.,Danke für die Pizza!
390,Danke für die Praline. Sie war köstlich.,Дякую за шоколад. Він був смачним.,Danke für die Praline. Sie war köstlich.
391,Danke für Ihre freundlichen Worte!,Дякую за добрі слова.,Danke für Ihre freundlichen Worte!
392,Danke für Ihre Geduld.,Дякуємо вам за терпіння.,Danke für Ihre Geduld.
393,Danke fürs Schreiben.,"Дякую за те, що написали.",Danke fürs Schreiben.
394,„Danke!“ – „Keine Ursache!“,"Дякую. - ""Прошу"".",Danke! Keine Ursache!
395,„Danke!“ – „Keine Ursache!“,"Спасибі. - ""Нема за що"".",Danke! Keine Ursache!
396,„Danke!“ – „Nichts zu danken!“,"Спасибі. - ""Нема за що"".",Danke! Nichts zu danken!
397,Danke schön.,Щиро дякую!,Danke schön.
398,Danke trotzdem.,"У будь якому разі, дякую.",Danke trotzdem.
399,Danke!,Дякуємо!,Danke!
400,Danke!,Дякую!,Danke!
401,Danke.,Дякую!,Danke.
402,Danke.,Дякую.,Danke.
403,Dank seiner Mutter wurde er berühmt.,Він став відомим завдяки матері.,Dank seiner Mutter wurde er berühmt.
404,Dann eilte sie nach Hause.,А потім вона поквапилася додому.,Dann eilte sie nach Hause.
405,Dann fangen wir an.,"Ну, тоді розпочнімо.",Dann fangen wir an.
406,Dann haben wir ein Problem...,Тоді ми маємо проблему...,Dann haben wir ein Problem...
407,Dann komme ich später wieder.,Тоді я повернуся пізніше.,Dann komme ich später wieder.
408,Dann komme ich später wieder.,Тоді я прийду пізніше.,Dann komme ich später wieder.
409,Dann legte er sich auf das gleiche Bett.,Він тоді лежав на тому ж ліжку.,Dann legte er sich auf das gleiche Bett.
410,Dann zögern Sie nicht.,Тож не вагайтеся.,Dann zögern Sie nicht.
411,Danzig ist die größte Stadt im Norden Polens.,Гданськ - найбільше місто на півночі Польщі.,Danzig ist die größte Stadt im Norden Polens.
412,Darf ich deinen Kuli benutzen?,Можна скористатися твоєю ручкою?,Darf ich deinen Kuli benutzen?
413,Darf ich den Fernseher ausschalten?,Можна мені вимкнути телевізор?,Darf ich den Fernseher ausschalten?
414,Darf ich den Fernseher ausschalten?,Можна я вимкну телевізор?,Darf ich den Fernseher ausschalten?
415,Darf ich dich Tom nennen?,Можна я буду називати тебе Томом?,Darf ich dich Tom nennen?
416,Darf ich dich unterbrechen?,Можна тебе перебити?,Darf ich dich unterbrechen?
417,Darf ich dir jetzt etwas zu trinken anbieten?,Я можу тобі запропонувати щось зараз випити?,Darf ich dir jetzt etwas zu trinken anbieten?
418,Darf ich es noch einmal machen?,Можу я це зробити ще раз?,Darf ich es noch einmal machen?
419,Darf ich etwas sagen?,Можна мені щось сказати?,Darf ich etwas sagen?
420,Darf ich euer Telefon benutzen?,Можна мені скористатися вашим телефоном?,Darf ich euer Telefon benutzen?
421,"Darf ich fragen, wie alt du bist?","Можна мені запитати, скільки тобі років?","Darf ich fragen, wie alt du bist?"
422,"Darf ich fragen, wie alt du bist?","Можна поцікавитися, скільки тобі років?","Darf ich fragen, wie alt du bist?"
423,"Darf ich fragen, wie alt Sie sind?","Можу я запитати, скільки вам років?","Darf ich fragen, wie alt Sie sind?"
424,Darf ich hier rauchen?,Чи можу я тут курити?,Darf ich hier rauchen?
425,"Darf ich Ihnen helfen, gnädige Frau?","Чи можу вам чимось допомогти, пані?","Darf ich Ihnen helfen, gnädige Frau?"
426,Darf ich mal deinen Bart anfassen?,Можна мені доторктнутися до твоєї бороди?,Darf ich mal deinen Bart anfassen?
427,Darf ich mich neben euch setzen?,Можна сісти поруч із вами?,Darf ich mich neben euch setzen?
428,Darf ich mich vorstellen? Mein Name ist Tom Frisch.,Можна представитися? Мене звуть Том Фріш.,Darf ich mich vorstellen? Mein Name ist Tom Frisch.
429,Darf ich mich vorstellen?,Можна мені представитися?,Darf ich mich vorstellen?
430,Darf ich mit ihr sprechen?,Чи можу я поговорити з нею?,Darf ich mit ihr sprechen?
431,Darf ich nach Hause gehen?,Можна мені піти додому?,Darf ich nach Hause gehen?
432,Darf ich Sie unterbrechen?,Можна вас перебити?,Darf ich Sie unterbrechen?
433,Darum musst du dir keine Sorgen machen.,Тобі не треба хвилюватися за це.,Darum musst ду dir keine Sorgen machen.
434,Darum sind wir hier.,Ось чому ми тут.,Darum sind wir hier.
435,Darum werde ich mich morgen kümmern.,Я займуся цим завтра.,Darum werde ich mich morgen kümmern.
436,Darwin hat alles verändert.,Дарвін все змінив.,Darwin hat alles verändert.
437,"Das Adjektiv endet auf ""a"".","Прикментник закінчується на ""а"".","Das Adjektiv endet auf ""a""."
438,Das also ist Tatoeba.,"Отже, це Татоеба.",Das also ist Tatoeba.
439,Das ängstigt mich überhaupt nicht.,Я ані трохи цього не боюся.,Das ängstigt mich überhaupt nicht.
440,Das Apartment war mit Möbeln im viktorianischen Stil eingerichtet.,Квартира була мебльована у вікторіанському стилі.,Das Apartment war mit Möbeln im viktorianischen Stil eingerichtet.
441,Das Auto blieb im Schlamm stecken.,Машина застрягла в багні.,Das Auto blieb im Schlamm stecken.
442,Das Auto fuhr gegen einen Telegrafenmast.,Автівка зіткнулась із телеграфним стовпом.,Das Auto fuhr gegen einen Telegrafenmast.
443,Das Auto ist gelb.,Машина жовта.,Das Auto ist gelb.
444,Das Auto ist in der Garage.,Машина в гаражі.,Das Auto ist in der Garage.
445,Das Auto springt nicht an.,Автомобіль не заводиться.,Das Auto springt nicht an.
446,Das Auto stieß mit dem LKW zusammen.,Автомобіль врізався у вантажівку.,Das Auto stieß mit dem LKW zusammen.
447,Das Baby läuft noch nicht.,Дитина ще не ходить.,Das Baby läuft noch nicht.
448,Das Baby schläft gerade.,Немовля спить.,Das Baby schläft gerade.
449,Das Baby schlief in der Wiege ein.,Дитина заснула в колисці.,Das Baby schlief in der Wiege ein.
450,Das Baby sucht seine Mutter.,Дитя шукає маму.,Das Baby sucht seine Mutter.
451,Das Baseballspiel endete unentschieden.,Бейсбольний матч закінчився з нічийним результатом.,Das Baseballspiel endete unentschieden.
452,Das beste Buch über das Leben ist das Leben selbst.,Найкраща книжка про життя - власне життя.,Das beste Buch über das Leben ist das Leben selbst.
453,Das Bett kostet 120 Euro!,Ліжко коштує 120 євро!,Das Bett kostet 120 Євро!
454,Das beweist meine Theorie.,Це доводить мою теорію.,Das beweist meine Theorie.
455,Das Bier ist sehr kalt.,Пиво дуже холодне.,Das Bier ist sehr kalt.
456,Das Bild erinnerte mich an Schottland.,Картина нагадувала менi Шотландiю.,Das Bild erinnerte mich an Schottland.
457,"Das brauchst du mir nicht zu sagen, du Idiot.","Можеш не говорити мені цього, ідіоте.","Das brauchst du mir nicht zu sagen, ду Idiot."
458,Das Brot ist frisch.,Хліб свіжий.,Das Brot ist frisch.
459,Das Buch enthält viele Abbildungen.,Ця книжка має багато малюнків.,Das Buch enthält viele Abbildungen.
460,"Das Bücherlesen hörte auf, das Privileg einer Minderheit zu sein.",Читання книжок більше не є привілеєм меншості.,"Das Bücherlesen hörte auf, das Privileg einer Minderheit zu sein."
461,Das Buch handelt von Sternen.,Ця книжка про зірки.,Das Buch handelt von Sternen.
462,Das Buch hat mir gefallen.,Мені сподобалася ця книжка.,Das Buch hat mir gefallen.
463,Das Buch ist alt.,Книжка стара.,Das Buch ist alt.
464,Das Buch ist geeignet für deine Bedürfnisse.,Ця книга відповідає твоїм потребам.,Das Buch ist geeignet für deine Bedürfnisse.
465,Das Buch ist geeignet für Ihre Bedürfnisse.,Ця книга не відповідає Вашим потребам.,Das Buch ist geeignet für Ihre Bedürfnisse.
466,Das Buch ist gelb.,Книжка жовта.,Das Buch ist gelb.
467,Das Buch ist neu.,Ця книжка нова.,Das Buch ist neu.
468,Das Buch ist orange.,Книжка помаранчева.,Das Buch ist orange.
469,Das Buch ist weiß.,Книга біла.,Das Buch ist weiß.
470,Das Ei ist ein universelles Symbol des Lebens und der Wiedergeburt.,Яйце - це універсальний символ життя та відродження.,Das Ei ist ein universelles Symbol des Lebens und der Wiedergeburt.
471,Das Eis ist geschmolzen.,Крига розтанула.,Das Eis ist geschmolzen.
472,Das Eis schmolz.,Крига розтанула.,Das Eis schmolz.
473,Das Ende ist nahe.,Кінець вже близько.,Das Ende ist nahe.
474,Das ergibt keinen Sinn.,Це не має сенсу.,Das ergibt keinen Sinn.
475,Das erraten Sie nie!,Цього ти ніколи не вгадаєш!,Das erraten Sie nie!
476,Das erwies sich als richtig.,Це виявилося правдою.,Das erwies sich als richtig.
477,"Das Esperanto-Alphabet enthält achtundzwanzig Buchstaben: a, b, c, ĉ, d, e, f, g, ĝ, h, ĥ, i, j, ĵ, k, l, m, n, o, p, r, s, ŝ, t, u, ŭ, v, z.","Алфавіт есперанто має 28 літер: a, b, c, ĉ, d, e, f, g, ĝ, h, ĥ, i, j, ĵ, k, l, m, n, o, p, r, s, ŝ, t, u, ŭ, v, z.","Das Esperanto-Alphabet enthält achtundzwanzig Buchstaben: a, b, c, t, d, e, f, g, yt, h, ĥ, i, j, m, n, o, p, r, s, t, u, ŭ, v, z."
478,Das esse ich nicht.,Я цього не буду їсти.,Das esse ich nicht.
479,Das Experiment scheiterte.,Експеримент закінчився невдало.,Das Experiment scheiterte.
480,Das Fahrrad gehört mir.,Цей велосипед належить мені.,Das Fahrrad gehört mir.
481,Das Fahrrad ist meins.,Цей велосипед належить мені.,Das Fahrrad ist meins.
482,Das Feld ist mit Schnee bedeckt.,Поле вкрите снігом.,Das Feld ist mit Schnee bedeckt.
483,Das Fenster ist offen.,Вікно відкрите.,Das Fenster ist offen.
484,Das Fenster öffnete sich.,Вікно відчинилося.,Das Fenster öffnete sich.
485,Das Fernsehen zerstört das Familienleben.,Телевізор руйнує родинне життя.,Das Fernsehen zerstört das Familienleben.
486,Das Fest ist zu Ende.,Вечірка закінчилася.,Das Fest ist zu Ende.
487,Das Fest ist zu Ende.,Вечірка скінчилася.,Das Fest ist zu Ende.
488,Das Festival war alles andere als öde.,Фестиваль був далеко не нудним.,Das Festival war alles andere als öde.
489,Das Fleisch ist roh.,М'ясо сире.,Das Fleisch ist roh.
490,Das Fleisch ist zäh.,М'ясо жорстке.,Das Fleisch ist zäh.
491,Das Fleisch schmeckt schlecht.,М'ясо погано смакує.,Das Fleisch schmeckt schlecht.
492,Das Flugzeug flog über den Wolken.,Літак летів над хмарами.,Das Flugzeug flog über den Wolken.
493,Das Flugzeug ist abgestürzt.,Літак розбився.,Das Flugzeug ist abgestürzt.
494,Das Flugzeug wird in einer Stunde abheben.,Літак злетить за годину.,Das Flugzeug wird in einer Stunde abheben.
495,Das frisch getraute Paar ging Hand in Hand.,"Молоді йшли, узявшись за руки.",Das frisch getraute Paar ging Hand in Hand.
496,Das Frühstück ist bereitet.,Сніданок готовий.,Das Frühstück ist bereitet.
497,Das Frühstück war sehr gut.,Сніданок був дуже смачний.,Das Frühstück war sehr gut.
498,Das funktioniert nie.,Це ніколи не запрацює.,Das funktioniert nie.
499,Das funktioniert nie.,Це ніколи не спрацює.,Das funktioniert nie.
500,Das Gebäude hat ein russischer Architekt gebaut.,Будинок побудовано російським архитектором.,Das Gebäude hat ein russischer Architekt gebaut.
501,Das Gebäude wurde von einem russischen Architekten erbaut.,Будинок побудовано російським архитектором.,Das Gebäude wurde von einem russischen Architekten erbaut.
502,Das Gegenteil von unpraktisch ist praktisch.,Антонім до непрактичності - практичність.,Das Gegenteil von unpraktisch ist praktisch.
503,Das gehört ihm.,Це його.,Das gehört ihm.
504,Das geht dich nichts an.,Це не твоя справа.,Das geht dich nichts an.
505,Das geht vorbei.,Це піде у минуле.,Das geht vorbei.
506,Das gesamteuropäische Sabantuy 2014 findet am 7. Juni in Riga statt. Die jährliche Organisation dieses nationalen tatarischen Feiertags in den Kulturhauptstädten des Kontinents wird zu einer guten Tradition.,Європейський Сабантуй 2014 року проходить 7 червня в Ризі. Щорічна організація цих татарських національних свят у культурних столицях континенту стає доброю традицією.,Das gesamteuropäische Sabantuy 2014 findet am 7. Juni in Riga statt. Die jährliche Organisation dieses nationalen tatarischen Feiertags in den Kulturhauptstädten des Kontinents wird zu einer guten Tradition.
507,Das Geschäft ist gerade gegenüber von meinem Haus.,Крамниця знаходиться просто навпроти мого будинку.,Das Geschäft ist gerade gegenüber von meinem Haus.
508,Das Gesetz ist für alle gleich.,Закон один для всіх.,Das Gesetz ist für alle gleich.
509,Das Gesicht ist der Spiegel der Seele.,Обличчя - дзеркало душі.,Das Gesicht ist der Spiegel der Seele.
510,Das glaube ich nicht.,Я в це не вірю.,Das glaube ich nicht.
511,Das glaube ich.,"Думаю, так.",Das glaube ich.
512,"Das Glück liegt nicht darin, viele Dinge zu besitzen.","Щастя не в тому, щоб володіти багатьма речами.","Das Glück liegt nicht darin, viele Dinge zu besitzen."
513,Das habe ich als Kind immer gemacht.,Я так робив у дитинстві.,Das habe ich als Kind immer gemacht.
514,Das habe ich von dir gelernt.,Я навчилася цього у тебе.,Das habe ich von dir gelernt.
515,Das habe ich wirklich nicht von dir erwartet.,Я такого від тебе дійсно не очікувала.,Das habe ich wirklich nicht von dir erwartet.
516,Das hast du absichtlich getan!,Ти це спеціально зробив!,Das hast du absichtlich getan!
517,Das hat mich gerettet.,Це мене врятувало.,Das hat mich gerettet.
518,Das hat nichts mit euch zu tun.,Це не має до вас жодного відношення.,Das hat nichts mit euch zu tun.
519,Das hat nichts mit euch zu tun.,Це не має до вас жодного стосунку.,Das hat nichts mit euch zu tun.
520,Das hat nichts mit Ihnen zu tun.,Це не має до вас жодного відношення.,Das hat nichts mit Ihnen zu tun.
521,Das hat niemand von uns vor.,Ніхто з нас не планує це зробити.,Das hat niemand von uns vor.
522,Das hätte ich beinahe vergessen.,Я мало не забув цього зробити.,Das hätte ich beinahe vergessen.
523,Das hat Tom gar nicht gesagt.,Том цього не казав.,Das hat Tom gar nicht gesagt.
524,Das Haus brennt.,Дім горить!,Das Haus brennt.
525,"Das Haus ist komplett abgebrannt, bevor die Feuerwehr kam.","До того часу, як приїхала пожежна бригада, весь будинок згорів.","Das Haus ist komplett abgebrannt, bevor die Feuerwehr kam."
526,Das Haus ist rot.,Будинок червоний.,Das Haus ist rot.
527,Das Haus war leer bis auf eine Katze.,"Будинок був пустим, за винятком кота.",Das Haus war leer bis auf eine Katze.
528,Das Haus wurde durch Feuer zerstört.,Будинок був зруйнований вогнем.,Das Haus wurde durch Feuer zerstört.
529,Das Heidentum ist viel näher an der Natur als das Christentum.,"Язичництво набагато ближче до природи, ніж християнство.",Das Heidentum ist viel näher an der Natur als das Christentum.
530,Das hier ergibt keinen Sinn.,Це без сенсу.,Das hier ergibt keinen Sinn.
531,Das hier ergibt keinen Sinn.,Це не має сенсу.,Das hier ergibt keinen Sinn.
532,"Das hier ist haargenau das Buch, nach dem ich suchte.","Це саме та книга, яку я шукав.","Das hier ist haargenau das Buch, nach dem ich suchte."
533,Das hier ist mein Bruder Tom.,Це мій брат Том.,Das hier ist mein Bruder Tom.
534,Das hoffe ich.,"Сподіваюся, що так.",Das hoffe ich.
535,Das hoffe ich.,Я на це сподіваюся.,Das hoffe ich.
536,Das interessiert mich nicht.,Це мене не цікавить.,Das interessiert mich nicht.
537,Das ist alles deine Schuld!,Це все твоя вина.,Das ist alles deine Schuld!
538,Das ist alles deine Schuld!,Це все твоя провина.,Das ist alles deine Schuld!
539,"Das ist alles, was ich versprechen kann.","Це все, що я можу пообіцяти.","Das ist alles, was ich versprechen kann."
540,Das ist alles?,Це все?,Das ist alles?
541,Das ist auch wahr.,Це також вірно.,Das ist auch wahr.
542,Das ist auf meinem Mist gewachsen.,Це була моя ідея.,Das ist auf meinem Mist gewachsen.
543,Das ist bequem.,Зручно.,Das ist bequem.
544,"Das ist besser, oder?","Так краще, так?","Das ist besser, oder?"
545,Das ist besser.,Так краще.,Das ist besser.
546,Das ist besser.,Так ліпше.,Das ist besser.
547,Das ist Copacabana!,Це Копакабана!,Das ist Copacabana!
548,"Das ist das Dümmste, was ich je gesagt habe.","Це найбільша нісенітниця, яку я коли-небудь казав.","Das ist das Dümmste, was ich je gesagt habe."
549,Das ist das Interessanteste.,Це саме цікаве.,Das ist das Interessanteste.
550,Das ist das letzte Mal.,Це в останній раз.,Das ist das letzte Mal.
551,Das ist dein Buch.,Це твоя книжка.,Das ist dein Buch.
552,Das ist deine Aufgabe.,Це твоя робота.,Das ist deine Aufgabe.
553,Das ist dein Hauptproblem.,Це твоя головна проблема.,Das ist dein Hauptproblem.
554,"Das ist dein Hut, oder?","Це твій капелюх, так?","Das ist dein Hut, oder?"
555,Das ist dein Platz.,Це твоє місце.,Das ist dein Platz.
556,Das ist deins.,Це твій.,Das ist deins.
557,"Das ist der Grund, weshalb ich herkam.","Це і є причина, чому я сюди прийшов.","Das ist der Grund, weshalb ich herkam."
558,Das ist der heißeste Sommer seit 50 Jahren.,Це найспекотніше літо за п’ятдесят років.,Das ist der heißeste Sommer seit 50 Jahren.
559,Das ist der letzte Zug.,Це останній потяг.,Das ist der letzte Zug.
560,"Das ist der Mann, den ich gut kenne.","Це людина, яку я добре знаю.","Das ist der Mann, den ich gut kenne."
561,Das ist der Rechner meiner Mutter.,Це комп'ютер моєї мами.,Das ist der Rechner meiner Mutter.
562,Das ist der wichtigste Grund.,Це найважливіша причина.,Das ist der wichtigste Grund.
563,Das ist die Ansicht eines Dilettanten.,Це думка дилетанта.,Das ist die Ansicht eines Dilettanten.
564,Das ist die einzige Möglichkeit.,Це єдина можливість.,Das ist die einzige Möglichkeit.
565,Das ist die erste Reise meines Lebens.,Це перша подорож у моєму житті.,Das ist die erste Reise meines Lebens.
566,Das ist die Kamera meiner Schwester.,Це фотоапарат моєї сестри.,Das ist die Kamera meiner Schwester.
567,"Das ist doch nicht so einfach, wie ich dachte.","Це не так просто, як мені здавалося.","Das ist doch nicht so einfach, wie ich dachte."
568,Das ist durchaus möglich.,Це цілком можливо.,Das ist durchaus möglich.
569,Das ist ein Adverb.,Це прислівник.,Das ist ein Adverb.
570,Das ist ein altes Gesetz.,Це стародавній закон.,Das ist ein altes Gesetz.
571,Das ist ein Boot.,Це човен.,Das ist ein Boot.
572,Das ist ein Buch über Fettleibigkeit.,Ця книга про ожиріння.,Das ist ein Buch über Fettleibigkeit.
573,Das ist ein Buch über Sterne.,Ця книга про зірки.,Das ist ein Buch über Sterne.
574,Das ist ein Buch über Tiere.,Ця книга про тварин.,Das ist ein Buch über Tiere.
575,Das ist eine Ausnahme.,Це виняток.,Das ist eine Ausnahme.
576,Das ist eine bewiesene Tatsache.,Це доведений факт.,Das ist eine bewiesene Tatsache.
577,Das ist eine gute Antwort.,Це добра відповідь.,Das ist eine gute Antwort.
578,Das ist eine gute Idee!,Це гарна ідея!,Das ist eine gute Idee!
579,Das ist eine gute Regel.,Це хороше правило.,Das ist eine gute Regel.
580,Das ist eine gute Schule.,Це хороша школа.,Das ist eine gute Schule.
581,"Das ist eine gute Zeitung, stimmt's?","Це хороша газета, чи не так?","Das ist eine gute Zeitung, stimmt's?"
582,Das ist eine japanische Puppe.,Це японська лялька.,Das ist eine japanische Puppe.
583,Das ist eine Katastrophe.,Це катастрофа.,Das ist eine Katastrophe.
584,Das ist eine Kopie.,Це копія.,Das ist eine Kopie.
585,Das ist eine lange Geschichte.,Це довга історія.,Das ist eine lange Geschichte.
586,Das ist eine Lüge!,Це брехня!,Das ist eine Lüge!
587,Das ist ein enormer Verlust.,Це величезна втрата.,Das ist ein enormer Verlust.
588,Das ist eine schwere Anschuldigung.,Це дуже серйозне звинувачення.,Das ist eine schwere Anschuldigung.
589,Das ist eine schwere Sprache.,Це тяжка мова.,Das ist eine schwere Sprache.
590,Das ist eine sehr einfache Idee.,Це дуже проста ідея.,Das ist eine sehr einfache Idee.
591,"Das ist eine sehr heimtückische Krankheit. Man bemerkt sie erst, wenn es zu spät ist.","Це дуже підступна хвороба. Ти її не помічаєш, допоки не стає запізно.","Das ist eine sehr heimtückische Krankheit. Man bemerkt sie erst, wenn es zu spät ist."
592,Das ist eine sehr schöne Blume.,Це дуже гарна квітка.,Das ist eine sehr schöne Blume.
593,Das ist eine Silbermünze.,Це срібна монета.,Das ist eine Silbermünze.
594,Das ist eine tolle Idee.,Це чудова ідея.,Das ist eine tolle Idee.
595,Das ist eine Überraschung.,Це сюрприз.,Das ist eine Überraschung.
596,Das ist eine wichtige Frage.,Це важливе питання.,Das ist eine wichtige Frage.
597,Das ist ein Foto meiner Schwester.,Це фотографія моєї сестри.,Das ist ein Foto meiner Schwester.
598,Das ist ein Foto.,Це фотографія.,Das ist ein Foto.
599,Das ist ein Geschenk für dich.,Це подарунок тобі.,Das ist ein Geschenk für dich.
600,Das ist ein Geschenk für dich.,Це тобі подарунок.,Das ist ein Geschenk für dich.
601,Das ist ein Geschenk für Sie.,Це подарунок вам.,Das ist ein Geschenk für Sie.
602,Das ist ein Geschenk für Sie.,Це подарунок для вас.,Das ist ein Geschenk für Sie.
603,Das ist ein Hotel.,Це готель.,Das ist ein Hotel.
604,"Das ist ein kleiner Schritt für den Menschen, aber ein riesiger Sprung für die Menschheit.","Це маленький крок для людини, але величезний стрибок для людства.","Das ist ein kleiner Schritt für den Menschen, aber ein riesiger Sprung für die Menschheit."
605,Das ist ein kleines Buch.,Це маленька книжка.,Das ist ein kleines Buch.
606,Das ist ein Löwe.,Це лев.,Das ist ein Löwe.
607,Das ist ein Pferd.,Це кінь.,Das ist ein Pferd.
608,Das ist ein Problem.,Це проблема.,Das ist ein Problem.
609,Das ist ein Riesenfehler.,Це величезна помилка.,Das ist ein Riesenfehler.
610,Das ist ein rutschiger Abhang.,Це слизька доріжка.,Das ist ein rutschiger Abhang.
611,Das ist ein Satz.,Це речення.,Das ist ein Satz.
612,Das ist ein Schneemann.,Це сніговик.,Das ist ein Schneemann.
613,Das ist ein schönes T-Shirt.,Це гарна футболка.,Das ist ein schönes T-Shirt.
614,Das ist ein sehr nützliches Wörterbuch.,Це дуже корисний словник.,Das ist ein sehr nützliches Wörterbuch.
615,Das ist ein Verbrechen.,Це злочин.,Das ist ein Verbrechen.
616,Das ist ein ziemlich riskanter Beruf.,Це доволі ризикована робота.,Das ist ein ziemlich riskanter Beruf.
617,Das ist entsetzlich teuer.,Це надзвичайно дорого.,Das ist entsetzlich teuer.
618,Das ist Erpressung!,Це шантаж.,Das ist Erpressung!
619,Das ist er.,Це він.,Das ist er.
620,Das ist etwas anderes.,То інша справа.,Das ist etwas anderes.
621,Das ist etwas anderes.,Це інша справа.,Das ist etwas anderes.
622,Das ist eure Entscheidung.,Це ваше рішення.,Das ist eure Entscheidung.
623,Das ist Fleisch.,Це м'ясо.,Das ist Fleisch.
624,Das ist für dich.,Це тобі.,Das ist für dich.
625,Das ist für jetzt genug.,На даний момент досить.,Das ist für jetzt genug.
626,Das ist für jetzt genug.,Поки що вистачить.,Das ist für jetzt genug.
627,Das ist für Sie.,Це вам.,Das ist für Sie.
628,Das ist gar nicht so übel!,Це не так вже й погано!,Das ist gar nicht so übel!
629,Das ist gefährlich.,Це небезпечно.,Das ist gefährlich.
630,"Das ist genau das Buch, wonach ich gesucht habe.","Це саме та книга, яку я шукав.","Das ist genau das Buch, wonach ich gesucht habe."
631,"Das ist genau die Uhr, die ich letzte Woche verloren habe.","Це той самий годинник, що я загубив тиждень тому.","Das ist genau die Uhr, die ich letzte Woche verloren habe."
632,"Das ist genug für heute, ich bin müde.","На сьогодні досить, я втомився.","Das ist genug für heute, ich bin müde."
633,Das ist gerechtfertigt.,Ци виправдано.,Das ist gerechtfertigt.
634,Das ist Gift.,Це отрута.,Das ist Gift.
635,Das ist Herr Pedro.,Це пан Педро.,Das ist Herr Pedro.
636,Das ist ihr Buch.,Це їхня книжка.,Das ist ihr Buch.
637,Das ist Ihre Entscheidung.,Це ваше рішення.,Das ist Ihre Entscheidung.
638,Das ist Ihr Problem.,Це ваша проблема.,Das ist Ihr Problem.
639,Das ist illegal.,Це незаконно.,Das ist illegal.
640,Das ist kein Apfelsinenbaum.,Це не апельсинове дерево.,Das ist kein Apfelsinenbaum.
641,Das ist kein Blut. Das ist Rote Bete.,Це не кров. Це буряк.,Das ist kein Blut. Das ist Rote Bete.
642,"Das ist keine Schlange, sondern nur ein Stück Seil.",Це не змія. Це всього лише шматок мотузки.,"Das ist keine Schlange, sondern nur ein Stück Seil."
643,Das ist kein Essen.,Це не їжа.,Das ist kein Essen.
644,Das ist keine zufällige Fügung.,Це не збіг обставин.,Das ist keine zufällige Fügung.
645,"Das ist kein Hebräisch, sondern Jiddisch.",Це не іврит. Це ідиш.,"Das ist kein Hebräisch, sondern Jiddisch."
646,Das ist kein Irrtum.,Це не помилка.,Das ist kein Irrtum.
647,Das ist kein Salz.,Це не сіль.,Das ist kein Salz.
648,Das ist kein Schwein; das ist ein Affe.,Це не свиня; це мавпа.,Das ist kein Schwein; das ist ein Affe.
649,Das ist kein Spielzeug!,Це не іграшка!,Das ist kein Spielzeug!
650,Das ist kein Spiel!,Це не гра.,Das ist kein Spiel!
651,Das ist kein Tiger.,Це не тигр.,Das ist kein Tiger.
652,Das ist kein Trinkwasser.,Це непитна вода.,Das ist kein Trinkwasser.
653,Das ist kein Trinkwasser.,Ця вода непитна.,Das ist kein Trinkwasser.
654,Das ist kinderleicht!,Це дуже легко!,Das ist kinderleicht!
655,Das ist komisch.,Це кумедно.,Das ist komisch.
656,Das ist leichter gesagt als getan.,"Простіше сказати, ніж зробити.",Das ist leichter gesagt als getan.
657,Das ist leicht.,Це легко.,Das ist leicht.
658,Das ist lustig.,Це кумедно.,Das ist lustig.
659,Das ist mein Bruder Tom.,Це мій брат Том.,Das ist mein Bruder Tom.
660,Das ist meine Angelegenheit.,Це моя справа.,Das ist meine Angelegenheit.
661,Das ist meine CD.,Це мій диск.,Das ist meine CD.
662,Das ist meine Geschäftsadresse.,Це моя рабоча адреса.,Das ist meine Geschäftsadresse.
663,Das ist meine Großmutter.,Це моя бабуся.,Das ist meine Großmutter.
664,Das ist meine Hose.,Це мої штани.,Das ist meine Hose.
665,Das ist meine Idee.,Це моя ідея.,Das ist meine Idee.
666,Das ist meine Küche.,Це моя кухня.,Das ist meine Küche.
667,Das ist meine Lieblingsband.,Це моя улюблена група.,Das ist meine Lieblingsband.
668,Das ist meine Postleitzahl.,Це мій поштовий індекс.,Das ist meine Postleitzahl.
669,"Das ist mein erster Flug. Ich bin nervös, sagt Hiroshi.","Це мій перший політ. Я нервуюся, - каже Хіросі.","Das ist mein erster Flug. Ich bin nervös, sagt Hiroshi."
670,Das ist meine Schwester Maria.,Це моя сестра Мері.,Das ist meine Schwester Maria.
671,Das ist meine Schwester. Sie heißt Julia.,Це моя сестра. Її звати Юля.,Das ist meine Schwester. Sie heißt Julia.
672,Das ist meine Schwester.,Це моя сестра.,Das ist meine Schwester.
673,Das ist meine Uhr.,Цей годинник мій.,Das ist meine Uhr.
674,Das ist mein Fahrrad.,Це мій велосипед.,Das ist mein Fahrrad.
675,Das ist mein Freund Tom.,Це мій друг Том.,Das ist mein Freund Tom.
676,Das ist mein Geld.,Це мої гроші.,Das ist mein Geld.
677,Das ist mein letztes Wort.,Це моя остаточна відповідь.,Das ist mein letztes Wort.
678,Das ist mein Lieblingsgericht.,Це моя улюблена страва.,Das ist mein Lieblingsgericht.
679,Das ist mein Lieblingslied.,Це моя улюблена пісня.,Das ist mein Lieblingslied.
680,Das ist mein Lieblingsstuhl.,Це мій улюблений стілець.,Das ist mein Lieblingsstuhl.
681,Das ist mein Lied!,Це моя пісня!,Das ist mein Lied!
682,Das ist mein Schlafzimmer.,Це моя спальня.,Das ist mein Schlafzimmer.
683,Das ist mir egal.,Я не заперечую.,Das ist mir egal.
684,Das ist mir völlig egal!,Мені цілком байдуже!,Das ist mir völlig egal!
685,Das ist nicht das einzige Problem.,Це не єдина проблема.,Das ist nicht das einzige Problem.
686,"Das ist nicht das, was ich bestellt habe.",Я не це замовляла.,"Das ist nicht das, was ich bestellt habe."
687,Das ist nicht immer der Fall.,Це не завжди так.,Das ist nicht immer der Fall.
688,Das ist nicht komisch.,Це не смішно.,Das ist nicht komisch.
689,Das ist nicht legal.,Це незаконно.,Das ist nicht legal.
690,Das ist nicht logisch.,Це нелогічно.,Das ist nicht logisch.
691,"Das ist nicht meine Meinung, nur meine Übersetzung!","Це не моя точка зору, а лише мій переклад!","Das ist nicht meine Meinung, nur meine Übersetzung!"
692,"Das ist nicht mein Haus, nein.","Ні, це не мій будинок.","Das ist nicht mein Haus, nein."
693,Das ist nicht möglich!,Це неможливо!,Das ist nicht möglich!
694,Das ist nichts für dich.,Це не тобі.,Das ist nichts für dich.
695,Das ist nicht sicher.,Це не є безпечним.,Das ist nicht sicher.
696,"Das ist nichts, was jeder Beliebige tun kann.","Це не те, що може зробити кожен.","Das ist nichts, was jeder Beliebige tun kann."
697,Das ist nicht Tom.,Це не Том.,Das ist nicht Tom.
698,Das ist nicht unmöglich.,Це не неможливо.,Das ist nicht unmöglich.
699,Das ist nicht verkäuflich.,Це не на продаж.,Das ist nicht verkäuflich.
700,"Das ist nicht, was ich bestellt habe.",Я не це замовляв.,"Das ist nicht, was ich bestellt habe."
701,"Das ist nicht, was ich bestellt habe.",Я не це замовляла.,"Das ist nicht, was ich bestellt habe."
702,Das ist nicht wichtig.,Це не має значення.,Das ist nicht wichtig.
703,Das ist nicht zum Lachen!,Це не смішно!,Das ist nicht zum Lachen!
704,Das ist nicht zum Lachen!,Це не смішно.,Das ist nicht zum Lachen!
705,Das ist nur ein Placebo.,Це лише плацебо.,Das ist nur ein Placebo.
706,Das ist original.,Оригінально.,Das ist original.
707,Das ist reine Zeitverschwendung.,Це тільки даремна трата часу.,Das ist reine Zeitverschwendung.
708,Das ist richtig!,Вірно!,Das ist richtig!
709,Das ist Sabotage.,Це саботаж.,Das ist Sabotage.
710,Das ist schon aus der Mode.,Це вже не в моді.,Das ist schon aus der Mode.
711,Das ist sehr großzügig von Ihnen.,Це дуже великодушно з вашого боку.,Das ist sehr großzügig von Ihnen.
712,Das ist sehr schlecht.,Це дуже погано.,Das ist sehr schlecht.
713,Das ist sehr teuer.,Це надзвичайно дорого.,Das ist sehr teuer.
714,Das ist sehr unprofessionell.,Це дуже непрофесійно.,Das ist sehr unprofessionell.
715,Das ist sein Auto.,Це його машина.,Das ist sein Auto.
716,Das ist seine Formel.,Це його формула.,Das ist seine Formel.
717,Das ist seine Meinung.,Це його думка.,Das ist seine Meinung.
718,Das ist sein Haus.,Цей будинок належить йому.,Das ist sein Haus.
719,Das ist sein Pferd.,Це її кінь.,Das ist sein Pferd.
720,Das ist sein Pferd.,Це його кінь.,Das ist sein Pferd.
721,Das ist so klar wie Kloßbrühe.,Це ясно як божий день.,Das ist so klar wie Kloßbrühe.
722,Das ist so langweilig.,Це так нудно.,Das ist so langweilig.
723,"Das ist Tom, mein Kollege.","Це Том, мій колега.","Das ist Tom, mein Kollege."
724,Das ist Toms Familie.,Це родина Тома.,Das ist Toms Familie.
725,Das ist Toms Job.,Це робота Тома.,Das ist Toms Job.
726,Das ist Toms Schirm.,Це парасолька Тома.,Das ist Toms Schirm.
727,Das ist Toms Vater.,Це тато Тома.,Das ist Toms Vater.
728,Das ist Tom.,Це Том.,Das ist Tom.
729,Das ist ungewöhnlich.,Це незвично.,Das ist ungewöhnlich.
730,Das ist unmöglich.,Це неможливо.,Das ist unmöglich.
731,Das ist unser Auto.,Це наша машина.,Das ist unser Auto.
732,Das ist unser Baseballplatz.,Це наше бейсбольне поле.,Das ist unser Baseballplatz.
733,Das ist unsere Chance.,Це наш шанс.,Das ist unsere Chance.
734,Das ist unsere Schule.,Це наша школа.,Das ist unsere Schule.
735,Das ist verständlich.,Це зрозуміло.,Das ist verständlich.
736,Das ist völlig verständlich.,Це цілком зрозуміло.,Das ist völlig verständlich.
737,Das ist von meinem Vater.,Це належить батьку.,Das ist von meinem Vater.
738,Das ist von Tom.,Це від Тома.,Das ist von Tom.
739,Das ist vor drei Tagen passiert.,Це було три дні тому.,Das ist vor drei Tagen passiert.
740,Das ist Wasser.,Це вода.,Das ist Wasser.
741,Das ist wirklich eine nette Überraschung!,Це насправді добрий сюрприз!,Das ist wirklich eine nette Überraschung!
742,Das ist wirklich großartig!,Це дивовижно!,Das ist wirklich großartig!
743,Das ist wirklich traurig.,Це справді сумно.,Das ist wirklich traurig.
744,Das ist zu teuer.,Це задорого!,Das ist zu teuer.
745,Das ist zu teuer!,Це занадто дорого!,Das ist zu teuer!
746,Das ist zu teuer.,Це занадто дорого!,Das ist zu teuer.
747,Das Jobangebot steht noch.,Пропозиція роботи ще в силі.,Das Jobangebot steht noch.
748,Das kann jeder.,Будь-хто може це зробити.,Das kann jeder.
749,Das kann jeder.,Кожен може це зробити.,Das kann jeder.
750,Das kann man in jedem Wörterbuch nachsehen.,Це є в будь-якому словнику.,Das kann man in jedem Wörterbuch nachsehen.
751,Das kann nur sie sein.,Це може бути лише вона.,Das kann nur sie sein.
752,Das kannst du nicht machen.,Не можна цього робити.,Das kannst du nicht machen.
753,Das Kind folgte mir zum Park.,Дитина пішла за мною до парку.,Das Kind folgte mir zum Park.
754,Das klingt vernünftig.,Звучить резонно.,Das klingt vernünftig.
755,Das klippklar.,Це ясно як божий день.,Das klippklar.
756,Das Klopapier ist alle!,Закінчився туалетний папір!,Das Klopapier ist alle!
757,Das kommt auf den Zusammenhang an.,Це залежить від контексту.,Das kommt auf den Zusammenhang an.
758,Das kommt mir spanisch vor.,Для мене це китайська грамота.,Das kommt mir spanisch vor.
759,Das könnte dich vielleicht interessieren.,Це може тебе зацікавити.,Das könnte dich vielleicht interessieren.
760,Das Konzert fängt gleich an.,Концерт скоро розпочнеться.,Das Konzert fängt gleich an.
761,Das Konzert war ein Erfolg.,Концерт мав успіх.,Das Konzert war ein Erfolg.
762,Das Land braucht eure Hilfe.,Країні потрібна ваша допомога.,Das Land braucht eure Hilfe.
763,Das Land braucht Ihre Hilfe.,Країні потрібна ваша допомога.,Das Land braucht Ihre Hilfe.
764,Das Land erklärte seine Unabhängigkeit am 7. September 1822.,Країна проголосила незалежність сьомого вересня тисяча вісімсот двадцять другого року.,Das Land erklärte seine Unabhängigkeit am 7. September 1822.
765,Das Laub des Baumes wurde gelb.,Листя на дереві пожовтіло.,Das Laub des Baumes wurde gelb.
766,Das Leben geht weiter.,Життя триває.,Das Leben geht weiter.
767,Das Leben ist gut.,Життя добре.,Das Leben ist gut.
768,Das Leben ist interessant.,Життя цікаве.,Das Leben ist цікаво.
769,Das Leben ist nicht gerecht.,Життя несправедливе.,Das Leben ist nicht gerecht.
770,"Das Leben ist nicht lang, es ist breit!","Життя не довге, воно широке!","Das Leben ist nicht lang, es ist breit!"
771,Das Leben ist schwer.,Життя важке.,Das Leben ist schwer.
772,Das Leben ist sehr kurz.,Життя дуже коротке.,Das Leben ist sehr kurz.
773,Das Leben ist voller Abenteuer.,Життя є повне пригод.,Das Leben ist voller Abenteuer.
774,"Das Leben ist zu kurz, um Deutsch zu lernen.","Життя занадто коротке, щоб вивчати німецьку.","Das Leben ist zu kurz, um Deutsch zu lernen."
775,"Das Leben ist zu kurz, um Deutsch zu lernen.","Життя занадто коротке, щоб вивчити німецьку.","Das Leben ist zu kurz, um Deutsch zu lernen."
776,Das Lesen von Romanen ist mein Hobby.,Моє хобі - читання романів.,Das Lesen von Romanen ist mein Hobby.
777,Das Licht ist aus.,Світло вимкнене.,Das Licht ist aus.
778,Das Licht ist aus.,Світло не горить.,Das Licht ist aus.
779,Das machst du doch mit Absicht!,Ти робиш це навмисно!,Das machst du doch mit Absicht!
780,Das macht mir keine Sorgen.,Я про це не турбуюся.,Das macht mir keine Sorgen.
781,Das macht neugierig.,Це цікаво.,Das macht neugierig.
782,"Das Mädchen ging zur Schule, obwohl sie krank war.","Дівчинка пішла до школи, незважаючи на хворобу.","Das Mädchen ging zur Schule, obwohl sie krank war."
783,Das Mädchen half dem Jungen.,Дівчина допомогла хлопцю.,Das Mädchen half dem Jungen.
784,Das Mädchen hat dem Jungen geholfen.,Дівчина допомогла хлопцю.,Das Mädchen hat dem Jungen geholfen.
785,Das Mädchen hat dem Jungen geholfen.,Дівчина допомогла хлочику.,Das Mädchen hat dem Jungen geholfen.
786,Das Mädchen hatte Angst vor ihrem eigenen Schatten.,Дівчинка боялася власної тіні.,Das Mädchen hatte Angst vor ihrem eigenen Schatten.
787,Das Mädchen ist einsam.,Дівчина самотня.,Das Mädchen ist einsam.
788,Das Mädchen ist hübsch.,Дівчина гарна.,Das Mädchen ist hübsch.
789,Das Mädchen ist klein für sein Alter.,Дівчинка мала для свого віку.,Das Mädchen ist klein für sein Alter.
790,Das Mädchen ist schön.,Дівчина гарна.,Das Mädchen ist schön.
791,Das Mädchen singt und tanzt und dann lächelt es mich an.,"Дівчинка співає й танцює, а потім посміхається мені.",Das Mädchen singt und tanzt und dann lächelt es mich an.
792,Das Mädchen singt und tanzt und dann lacht es mich an.,"Дівчинка співає й танцює, а потім посміхається мені.",Das Mädchen singt und tanzt und dann lacht es mich an.
793,Das Mädchen wusch sich die Haare.,Дівчина помила волосся.,Das Mädchen wusch sich die Haare.
794,Das menschliche Gehirn wiegt ungefähr drei Pfund.,Мозок людини важить близько трьох фунтів.,Das menschliche Gehirn wiegt ungefähr drei Pfund.
795,Das möchte ich mit eigenen Augen sehen.,Я хочу побачити це на власні очі.,Das möchte ich mit eigenen Augen sehen.
796,Das Murmeltier ist unsterblich.,Байбак безсмертний.,Das Murmeltier ist unsterblich.
797,Das Museum ist nun geschlossen.,Музей зараз закритий.,Das Museum ist nun geschlossen.
798,Das müsst ihr entscheiden.,Вам вирішувати.,Das müsst ihr entscheiden.
799,Das nächste Jahr wird schlimmer.,Наступний рік буде гіршим.,Das nächste Jahr wird schlimmer.
800,Das nächste Mal werde ich es selbst machen.,Наступного разу я зроблю його сам.,Das nächste Mal werde ich es selbst machen.
801,Das nächste Mal werden meine Kommentare auf Russisch sein.,Наступного разу мої коментарі будуть російською.,Das nächste Mal werden meine Kommentare auf Russisch sein.
802,Das Nashorn ist sehr groß.,Носоріг дуже великий.,Das Nashorn ist sehr groß.
803,Das neue System hat sich als erfolgreich erwiesen.,Нова система виявилась успішною.,Das neue System hat sich als erfolgreich erwiesen.
804,Das Paar ist gestorben.,Пара померла.,Das Paar ist gestorben.
805,Das Papier wurde in China erfunden.,Папір було винайдено в Китаї.,Das Papier wurde in China erfunden.
806,Das passiert ab und an.,Таке іноді трапляється.,Das passiert ab und an.
807,Das passiert vielleicht nicht.,Цього може не трапитися.,Das passiert vielleicht nicht.
808,"Das Passwort ist ""Muiriel"".","Пароль - ""Muiriel"".","Das Passwort ist ""Muiriel""."
809,Das Pferd hat Durst.,Кінь хоче пити.,Das Pferd hat Durst.
810,Das Prinzip „Auge um Auge“ macht die ganze Welt blind.,Око за око - і весь світ стане сліпим.,Das Prinzip Auge um Auge macht die ganze Welt blind.
811,"Das Problem ist, dass Sonnenenergie zu teuer ist.","Проблема в тому, що сонячна енергія занадто дорога.","Das Problem ist, dass Sonnenenergie zu teuer ist."
812,Das Radio ist ausgeschaltet.,Радіо вимкнене.,Das Radio ist ausgeschaltet.
813,Das Radio ist defekt.,Радіо зламалося.,Das Radio ist defekt.
814,Das Radio ist kaputt.,Радіо зламалося.,Das Radio ist kaputt.
815,Das riecht aber seltsam.,Але це дивно пахне.,Das riecht aber seltsam.
816,Das Rindfleisch ist zart.,Ця яловичина ніжна.,Das Rindfleisch ist zart.
817,Das sagt man nicht mehr.,Так уже не кажуть.,Das sagt man nicht mehr.
818,Das scheinen keine Amerikaner zu sein.,"Вони, здається, не американці.",Das scheinen keine Amerikaner zu sein.
819,"Das scheint dir gerecht zu sein, oder?","Тобі здається, що це справедливо, так?","Das scheint dir gerecht zu sein, oder?"
820,Das Schicksal kannst du nicht überlisten.,Долю не обдуриш.,Das Schicksal kannst du nicht überlisten.
821,Das Schiff ist jetzt im Hafen.,Корабель зараз у порту.,Das Schiff ist jetzt im Hafen.
822,Das Schiff transportiert Rohstoffe aus Indonesien.,Корабель перевозить сировину з Індонезії.,Das Schiff транспоніер Rohstoffe aus Indonesien.
823,Das Schlimmste ist überstanden.,Найгірше вже позаду.,Das Schlimmste ist überstanden.
824,Das Schloss ist schön.,Замок прекрасний.,Das Schloss ist schön.
825,Das schmeckt gut.,Смачно.,Das schmeckt gut.
826,Das sind Alkoholiker.,Вони алкоголіки.,Das sind Alkoholiker.
827,"Das sind die teuersten Schuhe, die ich je gesehen habe.","Це найдорожчі туфлі, які я коли-небудь бачила.","Das sind die teuersten Schuhe, die ich ich gesehen habe."
828,Das sind Dummköpfe.,Вони дурні.,Das sind Dummköpfe.
829,Das sind Dummköpfe.,Вони ідіоти.,Das sind Dummköpfe.
830,Das sind Geschenke für meine Freunde.,Це подарунки для моїх друзів.,Das sind Geschenke für meine Freunde.
831,Das sind Geschenke.,Це подарунки.,Das sind Geschenke.
832,Das sind gute Neuigkeiten.,Це добрі новини.,Das sind gute Neuigkeiten.
833,Das sind meine Brüder.,Це мої брати.,Das sind meine Brüder.
834,Das sind meine CDs.,Це мої диски.,Das sind meine CDs.
835,Das sind meine Geschwister.,Це мої брати й сестри.,Das sind meine Geschwister.
836,Das sind meine Sachen.,Це мої речі.,Das sind meine Sachen.
837,Das sind nicht meine Bücher.,Це не мої книги.,Das sind nicht meine Bücher.
838,Das sind Spione.,Вони шпигуни.,Das sind Spione.
839,Das sind Vegetarier.,Вони вегетаріанці.,Das sind Vegetarier.
840,Das sind Vögel.,Це птахи.,Das sind Vögel.
841,Das Spiel fängt morgen Nachmittag um zwei an.,Гра розпочинається завтра вдень о другій годині.,Das Spiel fängt morgen Nachmittag um zwei an.
842,Das stimmt nicht.,Це невірно.,Das stimmt nicht.
843,Das stimmt!,Правильно!,Das stimmt!
844,Das stimmt.,Саме так.,Das stimmt.
845,Das stimmt.,Так.,Das stimmt.
846,Das Symbol ' &amp; ' steht für 'und'.,"Символ "" &amp; "" ставиться замість ""і"".",Das Symbol'&amp;'steht für 'und'.
847,Das Symbol '&' steht für 'und'.,"Символ ""&"" означає ""і"".",Das Symbol '&' steht für 'und'.
848,Das Symbol '&' steht für 'und'.,"Символ ""&"" ставиться замість ""і"".",Das Symbol '&' steht für 'und'.
849,Das Taxi holte zwei Fahrgäste ab.,Таксі підібрало двох пасажирів.,Das Taxi holte zwei Fahrgäste ab.
850,Da steht eine Blume auf dem Tisch.,На столі квітка.,Da steht eine Blume auf dem Tisch.
851,Das Telefon funktioniert im Moment nicht.,Наразі телефон не працює.,Das Telefon funktioniert im Moment nicht.
852,Das Telefon funktioniert nicht.,Телефон не працює.,Das Telefon funktioniert nicht.
853,Das Telefon ist außer Betrieb.,Телефон не працює.,Das Telefon ist außer Betrieb.
854,Das Telefon ist rot.,Телефон червоний.,Das Telefon ist rot.
855,Das Treffen fand hier statt.,Зустріч була тут.,Das Treffen fand hier statt.
856,Das Treffen fand hier statt.,Зустріч відбувалася тут.,Das Treffen fand hier statt.
857,Das Treffen ist in zehn Tagen.,Зустріч буде за десять днів.,Das Treffen ist in zehn Tagen.
858,Das tut mir wirklich leid!,Мені дійсно шкода!,Das tut mir wirklich leid!
859,Das Undenkbare ist passiert.,Трапилося щось неймовірне.,Das Undenkbare ist passiert.
860,Das Undenkbare ist passiert.,Трапилося щось немислиме.,Das Undenkbare ist passiert.
861,Das Universum ist grenzenlos.,Всесвіт безмежний.,Das Universum ist grenzenlos.
862,Das Universum ist unendlich.,Всесвіт безмежний.,Das Universum ist unendlich.
863,Das Unternehmen war von Anfang an ein Reinfall.,Цей проект з самого початку був помилкою.,Das Unternehmen war von Anfang an ein Reinfall.
864,Das Video ist langweilig.,Це відео нудне.,Das Video ist langweilig.
865,Das war deine Entscheidung.,Це був твій вибір.,Das war deine Entscheidung.
866,Das wäre ein Fehler.,Це було б помилкою.,Das wäre ein Fehler.
867,Das war ein böser Hase.,Це був злий заєць.,Das war ein böser Hase.
868,Das war eine bescheuerte Idee.,Це була ідіотьска ідея.,Das war eine bescheuerte Idee.
869,Das war eine kluge Entscheidung.,Це було мудре рішення.,Das war eine kluge Entscheidung.
870,Das war eine Lüge.,Це була брехня.,Das war eine Lüge.
871,Das war ein Fehler.,Це була помилка.,Das war ein Fehler.
872,"Das wäre zu cool, wenn ich zehn Sprachen sprechen könnte!","Було б так круто, якби я розмовляв десятьма мовами!","Das wäre zu cool, wenn ich zehn Sprachen sprechen könnte!"
873,Das war genug.,Цього було достатньо.,Das war genug.
874,Das war gut geschrieben.,Це було добре написано.,Das war gut geschrieben.
875,Das war immer so.,Так було завжди.,Das war immer so.
876,Das war immer so.,Так завжди було.,Das war immer so.
877,Das war kein Fehler.,Це не було помилкою.,Das war kein Fehler.
878,Das war nicht meine Idee.,Це була не моя ідея.,Das war nicht meine Idee.
879,Das war sicher nicht mit Absicht.,"Я впевнена, що це було ненавмисно.",Das war sicher nicht mit Absicht.
880,Das war sicher nicht mit Absicht.,"Я певен, що це було ненавмисно.",Das war sicher nicht mit Absicht.
881,Das war unser Geheimnis.,Це був наш секрет.,Das war unser Geheimnis.
882,Das war unvermeidlich.,Це було неминуче.,Das war unvermeidlich.
883,Das Wasser im Brunnen war eisig.,Вода в криниці була крижана.,Das Wasser im Brunnen war eisig.
884,Das Wasser im Brunnen war eiskalt.,Вода в криниці була крижана.,Das Wasser im Brunnen war eiskalt.
885,Das Wasser ist gut.,Вода добра.,Das Wasser ist gut.
886,Das Wasser ist herrlich!,Вода чудова!,Das Wasser ist herrlich!
887,Das Wasser ist nicht kalt.,Вода не холодна.,Das Wasser ist nicht kalt.
888,Das Wasser ist nicht trinkbar.,Ця вода непридатна для пиття.,Das Wasser ist nicht trinkbar.
889,Das Wasser ist sauber.,Вода чиста.,Das Wasser ist sauber.
890,Das Wasser ist warm.,Вода тепла.,Das Wasser ist warm.
891,Das Wasser schmeckt gut.,Вода добре смакує.,Das Wasser schmeckt gut.
892,Das Wasser war blau.,Вода була блакитна.,Das Wasser war blau.
893,Das weiß ich bereits.,Я вже це знаю.,Das weiß ich bereits.
894,Das weiß ich nicht.,Я цього не знаю.,Das weiß ich nicht.
895,Das weiß ich schon.,Я вже знаю.,Das weiß ich schon.
896,Das weiß ich schon.,Я вже це знаю.,Das weiß ich schon.
897,Das weißt du doch.,Ти вже це знаєш.,Das weißt du doch.
898,Das weißt du ja.,Ти вже це знаєш.,Das weißt du ja.
899,Das Wetter ist heute wunderbar.,Погода сьогодні чудова.,Das Wetter ist heute wunderbar.
900,Das Wetter war windstill.,Погода була безвітряна.,Das Wetter war windstill.
901,Das wird dreißig Euro kosten.,Це коштуватиме 30 євро.,Das wird dreißig Euro kosten.
902,Das wird einfach.,Це буде легко.,Das wird einfach.
903,Das wird komisch sein.,Це буде весело.,Das wird komisch sein.
904,Das wird leicht sein.,Це буде легко.,Das wird leicht sein.
905,Das wird lustig sein.,Це буде весело.,Das wird lustig sein.
906,Das wird mein letzter Satz in Englisch sein.,Це буде моє останнє речення англійською.,Das wird mein letzter Satz in Englisch sein.
907,Das wird nicht allzu schwierig sein.,Це буде не так вже й складно.,Das wird nicht allzu schwierig sein.
908,Das wird nicht funktionieren.,Це не спрацює.,Das wird nicht funktionieren.
909,Das wird nicht klappen.,Це не спрацює.,Das wird nicht klappen.
910,Das wird nicht noch einmal passieren.,Цього більше не трапиться.,Das wird nicht einmal passieren.
911,Das wird nicht passieren.,Це не станеться.,Das wird nicht passieren.
912,Das wird sich ereignen.,Це трапиться.,Das wird sich ereignen.
913,Das wird Tom nicht gefallen.,Тому це не сподобається.,Das wird Tom nicht gefallen.
914,Das wisst ihr doch.,Ви вже це знаєте.,Das wisst ihr doch.
915,Das wisst ihr ja.,Ви вже це знаєте.,Das wisst ihr ja.
916,Das wollte ich nicht.,Я не хотів цього.,Das wollte ich nicht.
917,Das Wörterbuch enthält ungefähr eine halbe Million Wörter.,У цьому словнику приблизно півмільйона слів.,Das Wörterbuch enthält ungefähr eine halbe Million Wörter.
918,Das Wörterbuch hier gehört mir.,Цей словник мій.,Das Wörterbuch hier gehört mir.
919,Das Wort wird nicht mehr benutzt.,Це слово більше не використовується.,Das Wort wird nicht mehr benutzt.
920,Das wusste ich nicht.,Я цього не знала.,Das wusste ich nicht.
921,Das Zimmer hat zwei Fenster.,Ця кімната має два вікна.,Das Zimmer hat zwei Fenster.
922,Das Zimmer ist leer.,Кімната пуста.,Das Zimmer ist leer.
923,Das Zimmer war abgeschlossen.,Кімната була замкнена.,Das Zimmer war abgeschlossen.
924,Das Zimmer wird morgen angestrichen.,Кімнату завтра пофарбують.,Das Zimmer wird morgen angestrichen.
925,Das Zusehen schmerzte.,На це було боляче дивитися.,Das Zusehen schmerzte.
926,Das zweite Semester hat geendet.,Закінчився другий семестр.,Das zweite Semester hat geendet.
927,David ist zu Hause.,Давид вдома.,David ist zu Hause.
928,Davon könnt ihr nur träumen.,Вам про це тільки мріяти.,Davon könnt ihr nur träumen.
929,Da war niemand im Garten.,У саду нікого не було.,Da war niemand im Garten.
930,Dazu bin ich zu alt.,Я для цього занадто стара.,Dazu bin ich zu alt.
931,"Dein Bruder hat geheiratet, oder?","Твій брат одружився, чи не так?","Dein Bruder hat geheiratet, oder?"
932,Deine Antwort ist falsch.,Твоя відповідь невірна.,Deine Antwort ist falsch.
933,Deine Frisur gefällt mir nicht.,Мені не подобається твоя зачіска.,Deine Frisur gefällt mir nicht.
934,Deine Haare sind nicht einmal nass.,Твоє волосся навіть не мокре.,Deine Haare sind nicht einmal nass.
935,Deine Haare sind zu lang.,Твоє волосся задовге.,Deine Haare sind zu lang.
936,Deine Ideen sind ziemlich altmodisch.,Твої ідеї досить старомодні.,Deine Ideen sind ziemlich altmodisch.
937,Deine Krawatte sitzt schief.,У тебе перекосилася краватка.,Деine Krawatte sitzt schief.
938,Deine Mannschaft ist stärker als unsere.,Твоя команда сильніша від нашої.,Deine Mannschaft ist stärker als unsere.
939,Deine Mannschaft ist stärker als unsere.,"Твоя команда сильніша, ніж наша.",Deine Mannschaft ist stärker als unsere.
940,Deine Meinung interessiert mich nicht.,Мене не цікавить ваша думка.,Deine Meinung interessiert mich nicht.
941,Deine Meinung ist sehr konstruktiv.,Твоя думка дуже конструктивна.,Deine Meinung ist sehr konstruktiv.
942,Deine Mutter ist ein Computer.,Твоя мати - комп'ютер.,Deine Mutter ist ein Computer.
943,Deine Mutter wird mich umbringen.,Твоя мама мене вб'є.,Deine Mutter wird mich umbringen.
944,Dein Englisch ist perfekt.,У тебе досконала англійська.,Dein Englisch ist perfekt.
945,Dein Erfolg ist das Ergebnis deiner harten Arbeit.,Твій успіх - результат твоєї важкої праці.,Dein Erfolg ist das Ergebnis deiner harten Arbeit.
946,Dein Französisch ist perfekt.,У тебе досконала французька.,Dein Französisch ist perfekt.
947,Dein Französisch ist schon viel besser geworden.,Твоя французька стала набагато краща.,Dein Französisch ist schon viel besser geworden.
948,Dein Freund ist hier.,Твій друг тут.,Dein Freund ist hier.
949,Dein Führerschein ist abgelaufen.,Твої водійські права прострочені.,Dein Führerschein ist abgelaufen.
950,Dein Geld brauch ich nicht. Ich brauche deine Zeit.,Мені не потрібні твої гроші. Мені потрібен твій час.,Dein Geld brauch ich nicht. Ich brauche deine Zeit.
951,Dein Haus ist fantastisch.,Твій будинок просто фантастичний.,Dein Haus ist fantastisch.
952,Dein Haus muss repariert werden.,Твій будинок потребує ремонту.,Dein Haus muss repariert werden.
953,Dein Hund biss mich in die Hand.,Твій собака вкусив мене за руку.,Dein Hund biss mich in die Hand.
954,Dein Hund hat mich in die Hand gebissen.,Твій собака вкусив мене за руку.,Dein Hund hat mich in die Hand gebissen.
955,Dein Kleid gefällt mir.,Мені подобається твоя сукня.,Dein Kleid gefällt mir.
956,Dein Kleid ist schon nicht mehr in Mode.,Твоє плаття вже вийшло з моди.,Dein Kleid ist schon nicht mehr in Mode.
957,Dein Reißverschluss ist offen.,У тебе розстебнута ширінька!,Dein Reißverschluss ist offen.
958,Dein Vorschlag gefällt mir.,Мені подобається твоя пропозиція.,Dein Vorschlag gefällt mir.
959,Dein Wort in Gottes Ohr!,Твої б слова та богу в вуха!,Dein Wort in Gottes Ohr!
960,Delfine und Wale sind keine Fische.,Детьфіни та кити не риби.,Delfine und Wale sind keine Fische.
961,"Dem nach zu urteilen, was sie sagt, ist er schuldig.","Судячи з того, що вона каже, він винний.","Dem nach zu urteilen, was sie sagt, ist er schuldig."
962,Den Apfel habe ich gegessen.,Я з'їв яблуко.,Den Apfel habe ich gegessen.
963,Den Film will ich noch einmal sehen.,Я хочу подивитися цей фільм ще раз.,Den Film will ich noch einmal sehen.
964,Denke an deine Zukunft!,Подумай про своє майбутнє.,Denke an deine Zukunft!
965,"Denke daran, dass du Staub bist.","Пам’ятай, що ти порох.","Denke daran, dass du Staub bist."
966,Denke darüber nach.,Поміркуй над цим.,Denke darüber nach.
967,"Denken Sie, Tom ist betrunken?","Гадаєте, Том п'яний?","Denken Sie, Tom ist betrunken?"
968,Denke über deine Zukunft nach!,Подумай про своє майбутнє.,Denke über deine Zukunft nach!
969,Denk mal drüber nach.,"Подумай про це, будь ласка.",Denk mal drüber nach.
970,Denkst du auf Französisch?,Ти думаєш французькою?,Denkst du auf Französisch?
971,"Denkst du, dass ich meine Zeit vertue?","Гадаєш, я марную свій час?","Denkst du, dass ich meine Zeit vertue?"
972,"Denkst du, Tom ist betrunken?","Гадаєш, Том п'яний?","Denkst ду, Tom ist betrunken?"
973,"Denkt ihr, Tom ist betrunken?","Гадаєте, Том п'яний?","Denkt ihr, Tom ist betrunken?"
974,Den Studenten gefällt es.,Студентам він подобається.,Den Studenten gefällt es.
975,Den Tapferen hilft das Glück.,Доля посміхається сміливим.,Den Tapferen hilft das Glück.
976,Der Affe fiel vom Baum.,Мавпа упала з дерева.,Der Affe fiel vom Baum.
977,Der alte Hund bellte.,Старий пес загавкав.,Der alte Hund bellte.
978,Der alte Mann gab ihr eine kleine Puppe.,Цей дідусь подарував їй маленьку ляльку.,Der alte Mann gab ihr eine kleine Puppe.
979,Der Alte schenkte ihr eine kleine Puppe.,Цей дідусь подарував їй маленьку ляльку.,Der Alte schenkte ihr eine kleine Puppe.
980,Der Anfang der Geschichte ist interessant.,Початок розповіді цікавий.,Der Anfang der Geschichte ist цікавий.
981,Der Antisemitismus ist der Sozialismus der dummen Kerle.,Антисемитизм - це соціалізм для дурнів.,Der Antisemitismus ist der Sozialismus der dummen Kerle.
982,Der Apfel fiel vom Baum.,Яблуко впало з дерева.,Der Apfel fiel vom Baum.
983,Der Apfel ist gelb.,Це яблуко жовте.,Der Apfel ist gelb.
984,Der Apfel ist gelb.,Яблуко жовте.,Der Apfel ist gelb.
985,Der Apfel ist noch nicht reif.,Яблуко ще не стигле.,Der Apfel ist noch nicht reif.
986,Der Apfel ist vom Baum gefallen.,Яблуко впало з дерева.,Der Apfel ist vom Baum gefallen.
987,Der Architekt adaptierte das Haus an die Bedürfnisse alter Menschen.,Архітектор пристосував будинок під потреби похилих людей.,Der Architekt adaptierte das Haus an die Bedürfnisse alter Menschen.
988,"Der Arzt riet ihm ihm, mit dem Rauchen aufzuhören.",Лікар порадив йому кинути палити.,"Der Arzt riet ihm ihm, mit dem Rauchen aufzuhören."
989,Der Aufzug funktioniert heute nicht.,Ліфт сьогодні не працює.,Der Aufzug funktioniert heute nicht.
990,Der Ausländer konnte überhaupt kein Japanisch.,Іноземець взагалі не знав японської.,Der Ausländer konnte überhaupt kein Japaneseisch.
991,Der Autor hat einen schönen Stil.,У автора гарний стиль.,Der Autor hat einen schönen Stil.
992,Der Bahnhof ist ganz in der Nähe des Hotels.,Станція знаходиться біля готелю.,Der Bahnhof ist ganz in der Nähe des Hotels.
993,Der Bär frisst einen Apfel.,Ведмідь їсть яблуко.,Der Bär frisst einen Apfel.
994,Der Bär hat einen kurzen Schwanz.,У ведмедя короткий хвіст.,Der Bär hat einen kurzen Schwanz.
995,Der Baum ist grün.,Дерево зелене.,Der Baum ist grün.
996,Der Beamer funktioniert nicht.,Проектор не працює.,Der Beamer funktioniert nicht.
997,Der Beamer geht nicht.,Проектор не працює.,Der Beamer geht nicht.
998,Der Berg ist mit Schnee bedeckt.,Гора вкрита снігом.,Der Berg ist mit Schnee bedeckt.
999,Der Bleistift ist schwarz.,Олівець чорний.,Der Bleistift ist schwarz.
