Unnamed: 0,de,uk,TRANSLATION,chrf_score
0,12 ist eine gerade Zahl.,Дванадцять - це парне число.,12 це просто число.,18.89854633329089
1,1 ist keine Primzahl.,Одиниця не є простим числом.,1 - це не просте число.,27.621612600616153
2,3 hoch 3 ist 27.,Три в кубі дорівнює двадцять сім.,3 у кубі дорівнює 27.,42.27543125101564
3,"7 Dollar, bitte.","Сім доларів, будь ласка.","Сім доларів, будь ласка.",100.0
4,Aber der Bauer lächelte ihn an.,Але фермер йому посміхнувся.,Але фермер усміхнувся до нього.,60.54597365715596
5,Aber die Leute haben wenig Hoffnung.,Але в людей замало надії.,Але люди не мають надії.,27.483914315600778
6,Aber ich hatte keine Angst.,Але я не боявся.,Але я не боявся.,100.0
7,Aber sicher!,Звичайно!,"Звичайно, що так.",83.9141677485262
8,Aber sicher!,Ну звичайно ж!,"Звичайно, що так.",48.62900493068082
9,Aber warum?,Але чому?,Але чому?,100.0
10,Ach nein! Wirklich?,Не може бути! Серйозно?,Справді?,2.9761904761904763
11,"Ach, nur das Übliche.","А, все як завжди.","Ну, це просто типова річ.",6.218905472636816
12,"Ach richtig, ich hatte ja morgen etwas vor.","А так, завтра я збирався щось робити.","Так, я мав щось на завтра.",24.65684289622902
13,Acht Hobbits bilden ein Hobbyte.,Вісім гобітів складають один гобайт.,Вісім хоббітів - це хобі.,21.80128405807974
14,Affen sind intelligent.,Людиноподібні мавпи розумні.,Мавпи розумні.,42.32670125464744
15,Ah! Melkt man so eine Kuh?,"А, то он воно як доять корову...",А як щодо корови?,19.794365818400117
16,"Ah, so melkt man also eine Kuh?","А, то он воно як доять корову...","Ну, як ви смієте корову?",21.776502906763803
17,A ist der erste Buchstabe des Alphabets.,«А» - перша літера алфавіту.,А — це перша літера алфавіту.,81.07537178475394
18,Akzeptieren Sie Kreditkarten?,Ви приймаєте кредитні картки?,Ви приймаєте кредитні картки?,100.0
19,Alice lächelte.,Аліса посміхнулася.,Аліса посміхнулася.,100.0
20,Alle auf der Fotografie lächeln.,На фотографії всі усміхаються.,Всі на фотографії посміхаються.,68.75006354829597
21,Alle Bälle sind gelb.,Усі м'ячі жовті.,Всі кульки жовті.,25.21321354619188
22,Alle Bänke sind besetzt.,Всі лавки зайняті.,Всі лавки зайняті.,100.0
23,Alle Blätter des Baums sind gelb geworden.,Усе листя на дереві стало жовтим.,Усі листя дерева стали жовтими.,43.26257851927024
24,Alle blieben.,Всі залишилися.,Усі залишилися.,90.21205646205644
25,Alle Frauen sind schön.,Всі жінки гарні.,Всі жінки прекрасні.,53.605231950789566
26,Alle haben geschlafen.,Усі спали.,Всі спали.,79.70238095238096
27,Alle haben wir ein Interesse an Geschichte. In gewissem Sinn sind wir alle Historiker.,Ми всі цікавимося історією. У певному сенсі ми всі історики.,"Усі ми зацікавлені в історії, і в певному розумінні всі ми є істориками.",39.55254099342816
28,Alle halten Tom für etwas verrückt.,"Усі вважають, що Том трохи божевільний.",Усі вважають Том божевільним.,59.753051103955166
29,Alle hassen mich.,Усі мене ненавидять.,Всі мене ненавидять.,93.00541370394312
30,Alle hassen Tom.,Всі ненавидять Тома.,Усі ненавидять Тома.,93.00541370394312
31,Alle hatten ein gutes Jahr.,У кожного був гарний рік.,У всіх був гарний рік.,56.62028898433178
32,Alle hatten ein gutes Jahr.,Усі вони мали гарний рік.,У всіх був гарний рік.,42.166423896216514
33,Alle hatten Hunger.,Усі хотіли їсти.,Усі голодували.,13.374125874125875
34,Alle Hunde sind am Leben.,Всі собаки живі.,Усі собаки живі.,90.21205646205644
35,Alle Hunde sind lebendig.,Всі собаки живі.,Всі собаки живі.,100.0
36,"Alle Hunde sind Tiere. Jedoch bedeutet das nicht, dass alle Tiere Hunde sind.","Усі собаки - тварини. Але це не значить, що усі тварини - собаки.","Усі собаки - тварини, але це не означає, що всі тварини - це собаки.",64.4843237164806
37,Alle ihre Bemühungen waren vergebens.,Всі їхні зусилля були марні.,Усі їхні зусилля були даремними.,72.13312788018635
38,Alle Jungen spielen gerne Baseball.,Всі хлопці полюбляють грати у бейсбол.,Усі хлопці люблять грати в бейсбол.,57.625153265082886
39,Alle Jungen tanzten.,Усі хлопці танцювали.,Усі хлопці танцювали.,100.0
40,Alle kannten das.,Усі це знали.,Всі знали це.,39.900793650793645
41,Alle Kinder erhielten ein Geschenk.,Всі діти отримали подарунок.,Усі діти отримали подарунок.,95.31916500738012
42,Alle lächelten.,Всі посміхнулися.,Всі усміхнулися.,67.29457598296787
43,Alle lachten über ihn.,Всі сміялися з нього.,Усі сміялися з нього.,93.00541370394312
44,Alle lieben ihn.,Його всі люблять.,Усі люблять його.,63.04898804898804
45,Alle lieben mich.,Усі люблять мене.,Усі люблять мене.,100.0
46,Alle meine Freunde lieben American Football.,Всі мої друзі люблять американський футбол.,Всі мої друзі люблять американський футбол.,100.0
47,Alle meine Freunde lieben Fußball.,Всі мої друзі люблять футбол.,Усі мої друзі люблять футбол.,95.31916500738012
48,Alle meine Freunde mögen Computerspiele.,Всі мої друзі люблять комп'ютерні ігри.,Усі мої друзі люблять комп'ютерні ігри.,96.7109754585422
49,Alle meine Freunde werden da sein.,Там будуть усі мої друзі.,Там будуть усі мої друзі.,100.0
50,Alle Menschen müssen sterben.,Всі люди повинні померти.,Усі люди мусять померти.,42.33398313562972
51,Alle Menschen sind gleich.,Всі люди рівні.,Усі люди однакові.,36.66571060992451
52,Alle mögen große Pizzas.,Усі люблять великі піци.,Всі люблять велику піцу.,70.56257883270267
53,Alle müssen es wissen.,Усі мають знати.,Всі повинні знати.,24.79234835351458
54,Alle mussten Französisch lernen.,Всі мали вивчити французьку.,Всім потрібно було вивчити французьку.,69.41199415752136
55,Alle nennen ihn Mac.,Усі називають його Маком.,Усі називають його Мак.,91.08205265629917
56,Alle reden über Tom.,Усі говорять про Тома.,Усі говорять про Тома.,100.0
57,Aller guten Dinge sind drei.,Бог любить трійцю.,Все добре - це три речі.,8.620209633519982
58,Alle schlafen.,Всі сплять.,Всі сплять.,100.0
59,Alle schlafen.,Усі сплять.,Всі сплять.,83.40608465608467
60,Alles gut bei euch?,У всіх усе гаразд?,З вами все гаразд?,53.37551337551337
61,Alles Gute zum Geburtstag!,З днем народження!,З днем народження!,100.0
62,Alles hängt von deiner Entscheidung ab.,Усе залежить від твого рішення.,Все залежить від твого вибору.,67.66021291712218
63,Alles hier gehört mir.,Тут все моє.,Все це моє.,25.79383765812472
64,Alle sind bereit.,Усі готові.,Усі готові.,100.0
65,Alle sind geschockt.,Всі в шоці.,Всі були шоковані.,20.62642052013276
66,Alle sind sehr beschäftigt.,Усі дуже зайняті.,Усі дуже зайняті.,100.0
67,Alles in Ordnung?,Все добре?,Ти в порядку?,7.092198581560282
68,Alles ist gut.,Все в порядку.,Все добре.,15.147399220133902
69,Alles ist gut.,Все гаразд.,Все добре.,16.194594189877208
70,Alles ist gut.,Усе гаразд.,Все добре.,9.712571067593178
71,Alles ist in Butter.,Все в шоколаді.,Все в маслі.,20.57572937786075
72,Alles ist möglich.,Можливо все.,Все можливо.,48.80952380952381
73,Alles ist vorbei.,Все скінчилося.,Все скінчилося.,100.0
74,Alles oder nichts.,Все чи нічого.,Все або нічого.,47.30693435573752
75,Alles war nur ein Scherz.,Усе було лише жартом.,Все було просто жартома.,44.3500795982193
76,"Alles, was du tun musst, ist diesen roten Knopf zu drücken.","Все, що тобі треба зробити, - це натиснути на червону кнопку.","Все, що тобі потрібно, це натиснути цю червону кнопку.",59.08054756696042
77,"Alles, was einen Anfang hat, hat auch ein Ende.","Все, що має початок, має і кінець.","Все, що має початок, теж має кінець.",73.18552026953587
78,"Alles, was ich habe, ist ein Buch.","Все, що я маю, - це книжка.","Все, що в мене є, це книга.",32.0296451914099
79,"Alles, was Tom gesagt hat, stimmt.","Все, що сказав Том, - правда.","Все, що Том сказав, правда.",54.692770787120956
80,Alles wird gut sein.,Все буде в порядку.,Все буде добре.,39.968530102984566
81,Alles wird gut werden.,Все буде в порядку.,Все буде добре.,39.968530102984566
82,Alles wird gut.,Все буде добре.,Все буде добре.,100.0
83,Alle überlebten.,Всі вижили.,Усі пережили.,25.687050300252434
84,Alle Vögel haben Federn.,Всі птахи мають пір'я.,У всіх птахів пір'я.,28.44125579360368
85,Alle waren auf meinen Erfolg neidisch.,Усі заздрили моєму успіху.,Усі заздрили моєму успіху.,100.0
86,Alle waren zufrieden.,Усі були задоволені.,Усі були задоволені.,100.0
87,Alle Wege führen nach Rom.,Всі дороги ведуть до Риму.,Всі шляхи ведуть до Риму.,61.97427976292782
88,Alle Wege führen nach Rom.,Усі шляхи ведуть до Риму.,Всі шляхи ведуть до Риму.,94.23037782364409
89,Almaty ist meine Lieblingsstadt!,Алмати - моє улюблене місто!,Алмати - моє улюблене місто!,100.0
90,"Als ich aufwachte, fiel Schnee.","Коли я прокинулася, йшов сніг.","Прокинувшись, впав сніг.",31.400447901814882
91,Als Jugendlicher schrieb Tom gerne Gedichte.,"Коли Том був підлітком, він любив віршувати.",У підлітковому віці Том любив писати вірші.,38.995102317564374
92,Als Jugendlicher schrieb Tom gerne Gedichte.,"Коли Том був підлітком, він любив писати вірші.",У підлітковому віці Том любив писати вірші.,60.518770669952474
93,"Also, sagen wir Feierabend?","Отож, на сьогодні досить?","Ну що, з роботи?",5.208333333333332
94,Also sprach Zarathustra.,Так казав Заратустра.,"Отже, царська атмостра говорила.",18.28608086550594
95,Alte Teppiche sind wertvoller als neue.,Старі килими коштовніші за нові.,Старі килими цінніші за нові.,66.26105228229602
96,Alte Teppiche sind wertvoller als neue.,Старі килими цінніші за нові.,Старі килими цінніші за нові.,100.0
97,Aluminium ist ein Metall.,Алюміній - метал.,Алюміній - це метал.,72.97916540231482
98,Am 24. Dezember ist Heiligabend.,24 грудня - канун Різдва.,24 грудня - Різдво.,52.96696029880202
99,Am Anfang schuf Gott Himmel und Erde.,На початку Бог створив Небо та землю.,На початку Бог створив небо і землю.,72.5180988045773
100,Amerikaner sind überaus freundliche Leute.,Американці - дуже дружелюбні люди.,Американці дуже добрі люди.,49.457222634530716
101,Am Tage ihrer Hochzeit sind alle Bräute schön.,У день весілля всі наречені красиві.,У день весілля всі наречені гарні.,77.2378430018341
102,Am Wochenende arbeite ich nie.,Я ніколи не працюю у вихідні.,Я ніколи не працюю на вихідних.,75.72179010040591
103,An Deck sind 48 Seeleute.,На борту сорок вісім моряків.,На палубі — 48 моряків.,26.03205302387119
104,An deiner Stelle ginge ich sofort nach Hause.,На твоєму місці я би відразу пішов додому.,На твоєму місці я негайно пішов додому.,64.39351307805059
105,An deiner Stelle würde ich das nicht machen.,На твоєму місці я би не став цього робити.,На твоєму місці я б цього не зробив.,57.82778601152657
106,An der Wand hängt eine Karte.,На стіні висить географічна карта.,На стіні висить карта.,52.77985715884805
107,An der Wand hängt eine Karte.,На стіні висить мапа.,На стіні висить карта.,72.97239623857725
108,Angelica Pickles ist sehr egoistisch.,Анжеліка Піклз дуже егоїстична.,Анжеліка Пікс дуже егоїстка.,66.89237909039511
109,Angenehm!,Приємно познайомитися!,Як приємно!,22.870696728979617
110,Anja lebt in Danzig.,Аня живе у Гданьску.,Аня живе в Данці.,37.03453706435308
111,Ankara ist die Hauptstadt der Türkei.,Анкара - столиця Туреччини.,Анкара — столиця Туреччини.,82.1044046215671
112,An meinem Mantel ist ein Knopf abgegangen.,В мене на плащі один ґудзик відірвався.,На моє пальто вийшла кнопка.,6.641427294428524
113,"Anna Achmatowa, Maxim Gorki, Arkadi Gaidar, Mark Twain, O. Henry, George Sand, Stendhal, Molière, Voltaire – diese alle tragen nicht ihren richtigen Familiennamen, sondern ein Pseudonym.","Анна Ахматова, Максим Горький, Аркадій Гайдар, Марк Твен, О. Генрі, Жорж Санд, Стендаль, Мольєр, Вольтер... У них у всіх не справжні прізвища, а псевдоніми.","Анна Аматова, Максим Ґоркі, Аркаді Ґайдар, Марк Твен, О. Генрі, Джордж Сандель, Мір'є, Вольтер, вони всі носять не свої справжні імена, а псевдоніми.",51.7965869817546
114,Ann mag Schokolade sehr.,Ганна дуже любить шоколад.,Енн дуже любить шоколад.,78.07446242980026
115,"Anstatt zur Schule zu gehen, blieb er zuhause.","Замість того, щоб іти до школи, він лишився вдома.","Замість ходити до школи, він залишився вдома.",65.00102897768592
116,Antworte mir.,Дай мені відповідь.,Відповідай мені.,58.63910592489644
117,Antworten Sie auf Englisch.,Відповідайте англійською.,Відповідайте на англійську.,76.4496569889536
118,Antworten Sie auf Englisch.,Дайте відповідь англійською.,Відповідайте на англійську.,55.450182859758335
119,Antwortet auf Englisch.,Відповідайте англійською.,Відповісте англійською.,73.71116432716063
120,Äpfel sind rot.,Яблука червоні.,Яблука червоні.,100.0
121,Äpfel wachsen auf Bäumen.,Яблука ростуть на деревах.,Яблуки ростуть на деревах.,81.134368154492
122,Araber verfolgen mich.,Араби мене переслідують.,Араби переслідують мене.,72.05086859305125
123,Arbeit adelt.,Праця облагороджує.,Працюйте.,11.806979831945899
124,"Arbeite schnell, iss langsam!","Працюй швидко, їж повільно.","Працюй швидко, їж повільно!",100.0
125,Arbeitest du morgen früh im Hotel?,Ти працюватимеш в готелі завтра вранці?,Ти працюєш у готелі завтра вранці?,68.94509895676485
126,"Argentinien, Chile, Uruguay, Paraguay und Südbrasilien sind Teil des Südkegels.","Аргентина, Чилі, Уругвай, Парагвай та Південна Бразилія є частиною Південного Конуса.","Аргентина, Чілі, Уругваю, Парагваю та південна Бразилія є частиною південного узбережжя Бразилії.",66.16714599788682
127,Ärgere dich nicht.,Не злостися!,Не засмучуйся.,16.91923397169026
128,Astana ist die Hauptstadt von Kasachstan.,Астана - столиця Казахстану.,Аскана — столиця Казахстану.,73.63786607493701
129,Atmen Sie tief ein und entspannen Sie sich.,Глибоко зітхніть і розслабтеся.,Глибоко вдихніть і розслабтеся.,76.95097575532358
130,Atmen Sie tief ein.,Глибоко вдихніть.,Глибоко вдихніть.,100.0
131,Atmet ein.,Вдихніть.,Дихай.,8.53221957040573
132,Atmet sie?,Вона дихає?,Вона дихає?,100.0
133,Auch das noch!,Лише цього не вистачало!,І це теж!,3.875968992248062
134,Auch die schwärzeste Kuh gibt nur weiße Milch.,Навіть найчорніша корова дає лише біле молоко.,Також найкрихіша корова дає тільки біле молоко.,51.98499754779981
135,Auch er ist Schriftsteller.,Він теж письменник.,Він також письменник.,71.42247563033848
136,Auch Gott versteht Esperanto.,Бог теж розуміє есперанто.,Бог також розуміє Есперанто.,62.003031325585276
137,Auch ich liebe euch.,Я вас теж кохаю.,Я теж вас люблю.,20.505050505050505
138,Auch ich mag Süßigkeiten.,Мені також подобаються цукерки.,Я теж люблю солодощі.,9.447086692124792
139,Auch meine Mutter ist Lehrerin.,Моя мати теж вчителька.,Моя мати також є вчителькою.,63.91949210499243
140,Auch sie liebt Schokolade.,Вона теж обожнює шоколад.,Вона теж любить шоколад.,49.449387347830736
141,"Auch wenn Amerika ein entwickeltes Land ist, findet man dort nicht wenige sehr arme Menschen.","Хоча Сполучені Штати й розвинена країна, проте там є дуже бідні люди.","Америка — це розвинена країна, але там живуть бідні люди.",42.94602210588517
142,Auf dem Dokument stand seine Unterschrift.,На документі стояв його підпис.,На цьому документі був підпис.,45.322691542291224
143,Auf dem Mond gibt es keine Luft.,На Місяці немає повітря.,На Місяці немає повітря.,100.0
144,Auf dem Tisch befindet sich eine Blume.,На столі квітка.,На столі є квітка.,71.42992378040401
145,Auf dem Tisch liegt ein Apfel.,На столі є яблуко.,На столі лежить яблуко.,61.39698959108315
146,Auf dem Tisch liegt eine Melone.,На столі лежить диня.,На столі лежить кавун.,72.00338842310771
147,Auf dem Tisch steht eine Vase.,На столі стоїть ваза.,На столі стоїть ваза.,100.0
148,Auf dem Weg zur Schule habe ich mein Portemonnaie verloren.,Я загубив гаманець по дорозі до школи.,По дорозі до школи я втратив гаманець.,66.72252320936045
149,Auf der Insel ist es das ganze Jahr über warm.,На цьому острові тепло цілий рік.,На острові тепло цілий рік.,76.28419415083447
150,Auf der Insel ist es ganzjährig warm.,На цьому острові тепло цілий рік.,На острові тепло цілий рік.,76.28419415083447
151,Auf der Straße ist niemand zu sehen.,На вулиці нікого не видно.,На вулиці нікого немає.,74.35725752326898
152,Auf der Welt gibt es mehr als siebentausend Sprachen.,У свiтi бiльше нiж сiм тисяч мов.,У світі існує понад сім тисяч мов.,32.87418049481055
153,Auf die Knie!,На коліна!,На коліна!,100.0
154,Auf was warten wir?,На що ми чекаємо?,Чого ми чекаємо?,73.31474081474082
155,Auf welches Pferd hast du gewettet?,На якого коня ти поставив?,На якому коні ти з'їхав?,23.45298894487097
156,Auf wen wartest du?,На кого ти чекаєш?,Кого ти чекаєш?,78.07717754893379
157,Auf wen wartet ihr?,На кого ви чекаєте?,На кого чекаєте?,66.40709378495431
158,"Auf Wiedersehen, Sayoko.","До побачення, Сайоко.","До побачення, Сайоко.",100.0
159,Auf Wiedersehen!,До побачення!,До побачення.,100.0
160,Auf Wiedersehen!,Побачимося!,До побачення.,21.61914534263741
161,Auf wie vielen Konzerten warst du letztes Jahr?,Скільки концертів ти відвідала минулого року?,На скільки концертів ти був минулого року?,68.68387517339626
162,Auf wie vielen Konzerten wart ihr letztes Jahr?,Скільки концертів ви відвідали минулого року?,Скільки концертів було минулого року?,66.61480654709739
163,Augenblick...,Хвилиночку...,Хвилинку.,51.486055198926486
164,Augen sind die Fenster der Seele.,Очі - це вікна душі.,Очі - це вікна душі.,100.0
165,Aus dem kleinen Mädchen wurde eine schöne Frau.,Маленька дівчинка перетворилася на гарну жінку.,Ця маленька дівчинка стала чарівною жінкою.,43.109562689731945
166,Ausnahmen bestätigen die Regel.,Винятки підтверджують правила.,Винятки підтверджують правило.,95.89836585851079
167,Aus persönlichen Gründen.,З особистих причин.,З особистих причин.,100.0
168,Außer mir hat er keine Freunde.,"У нього немає друзів, окрім мене.","Окрім мене, у нього немає друзів.",80.21597243336375
169,Außer seinen Eltern kennt ihn niemand richtig.,"Окрім його батьків, ніхто не знає його як слід.","Ніхто, крім батьків, не знає його правильно.",47.99698999341464
170,Australien exportiert viel Wolle.,Австралія експортує багато вовни.,Австралія експортує велику кількість вовни.,63.648628871137625
171,Australien ist nicht Österreich.,Австралія - це не Австрія.,Австралія не є Австрія.,61.984068577193995
172,Aus wie vielen Inseln besteht Indonesien?,Скільки Індонезія має островів?,Скільки островів складається з Індонезії?,58.63711286937971
173,Babys fallen oft um.,Діти часто падають.,Діти часто гинуть.,51.24091829686355
174,Babys fallen oft.,Діти часто падають.,Малюки часто падають.,75.1640082246035
175,Baku ist die Hauptstadt Aserbaidschans.,Баку - столиця Азербайджану.,Баку — столиця Азербайджану.,83.85631816695889
176,Bald ist es Frühling.,Скоро весна.,Уже настала весна.,26.366461155988773
177,Bald ist Neujahr.,Скоро Новий Рік.,Скоро Новий рік.,74.58916083916085
178,Bald werden wir fünfundsiebzigtausend russische Sätze haben.,Скоро ми матимемо сімдесят п’ять тисяч російських речень.,Незабаром у нас буде сімдесят п'ять тисяч російських речень.,62.24228522725266
179,Bananen schmecken gut.,Банани смачні.,Банани смачні.,100.0
180,Barack Obama ist Christ.,Барак Обама християнин.,Барак Обама - християнин.,83.65552863777805
181,Barcelona ist die Hauptstadt Kataloniens und zweitgrößte Stadt Spaniens.,Барселона - це столиця Каталонії та друге за розмірами місто Іспанії.,"Барселона — столиця Каталонії, друга за величиною столиця Іспанії.",51.240961596131264
182,Barcelona ist die Hauptstadt von Katalonien und die zweitgrößte Stadt Spaniens.,Барселона - це столиця Каталонії та друге за розмірами місто Іспанії.,"Барселона — столиця Каталонії, а друге друге — Іспанії.",53.169954305236956
183,Bären mögen Honig.,Ведмеді люблять мед.,Ведмеді люблять мед.,100.0
184,Bäume leben.,Дерева живі.,Дерева живуть.,81.41650582100127
185,Beantworten Sie die Frage!,Відповідайте на запитання!,Відповідайте на питання!,82.99681328200393
186,Beantworten Sie die Frage!,Дайте відповідь на питання!,Відповідайте на питання!,61.39809295329021
187,Beeil dich! Sonst verpasst du noch den Zug.,"Хутко, бо не встигнеш на потяг.","Швидше, бо втратиш поїзд.",10.154570154751351
188,Beeilen Sie sich! Sonst verpassen Sie noch den Zug.,"Хутко, бо не встигнете на потяг.","Поспішайте, бо ще не пропустите поїзд.",15.496512999393975
189,Beeilen wir uns lieber!,Нам краще поспiшити.,Поспішаймо!,9.920100004608507
190,"Beeilt euch, Leute!","Покваптеся, хлопці.","Хутчіш, хлопці!",27.31103979717148
191,"Beeilt euch, sonst verpasst ihr den Zug.","Покваптеся, бо спізнитеся на потяг.","Поспішайте, інакше пропустите поїзд.",19.642594515605715
192,Beeilt euch! Sonst verpasst ihr noch den Zug.,"Хутко, бо не встигнете на потяг.","Поспішайте, інакше пропустите поїзд.",14.173755404355282
193,Beethoovens „Ode an die Freude“ ist die offizielle Hymne der Europäischen Union.,«Ода до радості» Бетховена - офіційний гімн Європейського союзу.,« Радість » Бетеговена є офіційним гімном Європейського Союзу.,47.31420549434236
194,Befreit Bolivien!,Свободу Болівії!,Очистити Болівію!,28.36425913780281
195,Beginnen Sie noch einmal.,Почніть знову.,Почніть ще раз.,46.9546657046657
196,Bei dem dichten Nebel war die Straße kaum zu sehen.,Через густий туман на дорозі була погана видимість.,Поблизу густого туману не було видно.,19.710605298499875
197,Beide sind am Leben.,Вони обидва живі.,Вони обоє живі.,43.16126416140468
198,Beide sind am Leben.,Обидва живі.,Вони обоє живі.,21.15701034095559
199,Beide sind tot.,Вони обидва мертві.,Вони обидва мертві.,100.0
200,Beide sind tot.,Вони обидві мертві.,Вони обидва мертві.,72.00112387612387
201,Bei einem Brand benutzen Sie bitte die Treppe.,"У разі пожежі, користуйтеся сходами.","Під час пожежі, будь ласка, використовуйте сходи.",38.76733526816509
202,Beißt dein Hund?,Твій собака кусається?,Укусив собаку?,22.945151425689183
203,Bei uns ist alles in Ordnung.,У нас все гаразд.,З нами все гаразд.,63.59488583088996
204,Beleidigen Sie mich nicht!,Не ображайте мене.,Не звинувачуй мене!,17.358204856831787
205,Belgien ist nicht so groß wie Frankreich.,"Бельгія не така велика, як Франція.",Бельгія менша за Францію.,34.858720515734056
206,Belgrad ist die Hauptstadt von Serbien.,Белград - столиця Сербії.,Белград — столиця Сербії.,80.05243910429668
207,Belgrad ist die Hauptstadt von Serbien.,Белград - це столиця Сербії.,Белград — столиця Сербії.,73.71116432716063
208,Benehmen Sie sich nicht wie ein Kind!,"Не поводьтеся, як дитина.",Не поводься як дитина!,74.76670903477938
209,Benimm dich anständig.,Поводься чемно.,Поводься пристойно.,51.188713625262274
210,Benimm dich nicht wie ein Kind!,"Не поводься, як дитина.",Не поводься як дитина!,100.0
211,Berlin ist eine deutsche Stadt.,Берлін - німецьке місто.,Берлін - німецьке місто.,100.0
212,Besser ein Vogel in der Hand als zehn in der Luft.,"Краще синиця в жмені, ніж журавель в небі.","Краще пташка в руках, ніж десять в повітрі.",18.50983015845874
213,Besser.,Так ліпше.,Краще.,5.405405405405406
214,Betreibst du irgendwelche Sportarten?,Ти займаєшся якими-небудь видами спорту?,Чи ви займаєтесь якимись видами спорту?,56.17479063525338
215,Betty ist eine Serienmörderin.,Бетті - серійна вбивця.,Бетті - серійна вбивця.,100.0
216,Betty kam als letzte.,Беті прийшла останньою.,Бетті прийшла останнім.,75.49886767572525
217,Betty spricht sehr gut Esperanto.,Беті дуже добре розмовляє на есперанто.,Бетті дуже добре розмовляє з Есперанто.,77.60646950997342
218,Beweise es.,Доведи це.,Доведи.,64.65405545478103
219,"Bezahl, was du möchtest.","Заплати стільки, скільки хочеш.","Заплати, що хочеш.",32.083820106712935
220,Biegen Sie an der Kreuzung rechts ab.,Поверніть праворуч на перехресті.,Зніміться на перехресті праворуч.,60.7057340275731
221,Bill geht oft in den Park.,Білл часто ходить до парку.,Білл часто йде до парку.,57.80742010938852
222,Billig ist teuer.,Скупий платить двічі.,Це дорого.,1.0416666666666665
223,Bill kommt nächste Woche zurück.,Біл повернеться наступного тижня.,Білл повернеться наступного тижня.,94.66276481869717
224,Bill lebt nah am Meer.,Біл живе недалеко від моря.,Білл живе біля моря.,27.114552998921297
225,Bill raucht nicht mehr.,Білл більше не палить.,Білл більше не курить.,66.5904887596064
226,"Bill, ruf mich heute Abend an.","Біле, зателефонуй мені сьогодні ввечері.","Білл, подзвони мені сьогодні ввечері.",58.8222512465424
227,Bill war in Japan.,Біл був у Японії.,Білл був в Японії.,51.422143020830426
228,Bill wohnt in der Nähe des Meeres.,Біл живе недалеко від моря.,Білл живе біля моря.,27.114552998921297
229,Bin ich bereit?,Я готова?,Я готовий?,59.34146140007401
230,Bin ich bereit?,Я готовий?,Я готовий?,100.0
231,Bin ich gefeuert?,Я звільнена?,Мене звільнено?,60.42508667517408
232,Bin ich in London?,Чи я в Лондоні?,Я в Лондоні?,70.38174418554695
233,Bin ich in London?,Я в Лондоні?,Я в Лондоні?,100.0
234,Bis bald!,Побачимося!,Бувай!,2.2222222222222223
235,Bis fünf Uhr wird er wieder zurück sein.,Він повернеться з школи до п'ятої.,До п'ятої години він повернеться.,59.971041036258434
236,Bis morgen!,До завтра!,До завтра.,100.0
237,Bis nächste Woche!,Побачимося наступного тижня.,Побачимося наступного тижня!,100.0
238,Bis später!,Побачимось пізніше!,Побачимося пізніше!,74.09744667097607
239,Bist du am Arbeiten?,Ти на роботі?,Ти працюєш?,9.416750870102167
240,Bist du Amerikaner?,Ти американець?,Ти ж американець?,84.39273534325454
241,Bist du an Musik interessiert?,Тебе цікавить музика?,Чи ти цікавишся музикою?,36.41730565078136
242,Bist du Atheist?,Ти атеїст?,Ти атеїст?,100.0
243,Bist du Atheist?,Ти атеїстка?,Ти атеїст?,67.96762956160171
244,Bist du aus den Vereinigten Staaten?,Ти зі Сполучених Штатів?,Ти зі Сполучених Штатів?,100.0
245,Bist du Ausländer?,Ти іноземець?,Ти іноземець?,100.0
246,Bist du bei mir?,Ти зі мною?,Ти зі мною?,100.0
247,Bist du bereit anzufangen?,Готовий починати?,Готовий почати?,67.97983589603417
248,"Bist du bereit, aus dem Haus zu gehen?",Готовий іти надвір?,Ти готовий вийти з дому?,27.91417016615049
249,Bist du Deutscher?,Ти німець?,Ти німець?,100.0
250,Bist du dick?,Ти гладкий?,Ти товста?,8.696694702670797
251,Bist du eine gute Tänzerin?,Ти добре танцюєш?,Ти гарна танцівниця?,16.887432509376012
252,Bist du ein Einzelkind?,Ти єдина дитина?,Ти одинока дитина?,55.93654065333923
253,Bist du ein guter Tänzer?,Ти добре танцюєш?,Ти хороший танцюрист?,24.875963106896496
254,Bist du ein Mensch?,Ти людина?,Ти людина?,100.0
255,Bist du ein Vampir?,Ти вампір?,Ти вампір?,100.0
256,Bist du Engländer?,Ти англієць?,Ти англієць?,100.0
257,Bist du enttäuscht?,Ти розчарована?,Чи ви розчаровані?,71.98217025494581
258,Bist du es?,Це ти?,Це ти?,100.0
259,Bist du fertig?,Ти готова?,Готовий?,25.551121214386512
260,Bist du fertig?,Ти готовий?,Готовий?,61.088218946745066
261,Bist du gesund?,Ти здорова?,Ти здоровий?,71.53457219704963
262,Bist du gesund?,Ти здоровий?,Ти здоровий?,100.0
263,"Bist du gewarnt, bist du gewappnet.",Попереджений - означає озброєнний.,"Якщо ти попереджений, ти готовий.",34.74248984633575
264,Bist du heute beschäftigt?,Ти сьогодні зайнятий?,Ти зайнятий сьогодні?,68.7686741363212
265,Bist du heute in die Schule gegangen?,Ти сьогодні ходив до школи?,Ти пішов до школи сьогодні?,60.47431105211426
266,Bist du heute in die Schule gegangen?,Ти сьогодні ходила до школи?,Ти пішов до школи сьогодні?,53.510639005826775
267,Bist du hier beschäftigt?,Ти тут зайнята?,Ти тут зайнятий?,80.1567307328877
268,Bist du hier beschäftigt?,Ти тут зайнятий?,Ти тут зайнятий?,100.0
269,Bist du in Australien?,Ти в Австралії?,Ти в Австралії?,100.0
270,Bist du in Tom verliebt?,Ти закохана у Тома?,Ти закохався в Тома?,56.133151495064645
271,Bist du in Tom verliebt?,Ти закоханий у Тома?,Ти закохався в Тома?,53.11368778280543
272,Bist du Japaner?,Ти японець?,"Ти що, японець?",73.08664874928803
273,Bist du jemals in Afrika gewesen?,Ти колись був у Африці?,Чи ви колись були в Африці?,63.80339509979487
274,Bist du jemals in Afrika gewesen?,Ти колись була в Африці?,Чи ви колись були в Африці?,71.44879040843173
275,Bist du Marys Ehemann?,Ти чоловік Мері?,Ти чоловік Мері?,100.0
276,Bist du mit deinen Hausaufgaben fertig?,Ти вже доробив домашнє завдання?,Ти закінчив домашні завдання?,48.933010292825294
277,Bist du mit den Hausaufgaben fertig?,Ти вже доробив домашнє завдання?,Ти закінчив домашнє завдання?,63.409105828718914
278,Bist du nervös?,Ти нервуєш?,Ти нервуєш?,100.0
279,Bist du nicht Toms Mutter?,Хіба ти не мама Тома?,Хіба ти не мати Тома?,67.10286037491919
280,Bist du nicht Tom?,Хіба ти не Том?,Хіба ти не Том?,100.0
281,Bist du noch immer müde?,Ти все ще сонний?,Ти все ще втомився?,41.11962481170884
282,Bist du noch verheiratet?,Ти все ще одружена?,Ти все ще одружений?,84.71508825400454
283,Bist du schlechter Laune?,В тебе поганий настрій?,Чи в тебе поганий настрій?,92.10806072573652
284,Bist du schon mal in Indien gewesen?,Ти колись бував у Індії?,Ти коли-небудь був у Індії?,56.0838154583974
285,Bist du sicher?,Ти впевнений?,Ти впевнена?,70.23134504616002
286,Bist du stolz auf deinen Vater?,Ти пишаєшся своїм батьком?,Ти пишаєшся своїм батьком?,100.0
287,Bist du traurig?,Тобі сумно?,Ти засмучений?,9.433962264150944
288,Bist du übelgelaunt?,В тебе поганий настрій?,Ти погано себе почуваєш?,27.405529117121862
289,Bist du über achtzehn?,Ти старше 18?,Тобі більше вісімнадцять?,10.05123416283883
290,Bist du Übersetzer?,Ти перекладач?,Чи ви перекладач?,86.83793406167966
291,Bist du Vegetarierin?,Ти вегетаріанка?,Ти вегетаріанка?,100.0
292,Bist du verheiratet?,Ти заміжня?,Чи ви є одружені?,7.716049382716049
293,Bist du zehn Jahre alt?,Тобі десять років?,Тобі десять років?,100.0
294,Bist du zurückgekommen?,Ти повернувся?,Ти повернувся?,100.0
295,Bitte beantworten Sie diese Frage für mich.,"Будь-ласка, дай мені відповідь на це запитання.","Будь ласка, дайте мені відповідь на це запитання.",83.12216914524402
296,Bitte beeil dich!,"Будь ласка, поквапся!","Будь ласка, поквапся!",100.0
297,Bitte bleiben Sie sitzen.,"Будь ласка, не вставайте.","Будь ласка, залишайтеся на місці.",44.38085767993446
298,Bitte entferne den Kommentar.,"Видалiть коментар, будь-ласка.","Будь ласка, вилучіть цей коментар.",39.685827426121
299,"Bitte entschuldigen Sie, aber ich glaube das ist mein Platz.","Перепрошую, але я думаю, що це моє місце.","Прошу вибачення, але я вірю, що це моє місце.",48.876096607515265
300,Bitte entschuldigen Sie mein Zuspätkommen.,Перепрошую за запізнення.,"Вибачте, що турбую вас.",6.3282385997135595
301,Bitte erlauben Sie mir zu gehen.,"Будь ласка, дозвольте мені піти.","Будь ласка, дайте мені піти.",65.31577286487052
302,Bitte komm in drei Tagen.,"Будь ласка, прийди за три дні.","Будь ласка, заходь через три дні.",49.9453268750992
303,"Bitte, mach dir keine Sorgen.","Не турбуйся, будь ласка.","Будь ласка, не хвилюйся.",38.94660057005258
304,Bitte nehmen Sie Platz!,"Сідайте, будь ласка!","Сідайте, будь ласка.",100.0
305,Bitte nicht im Klassenzimmer rennen.,"Будь-ласка, не бігай у класі.","Будь ласка, не біжіть у класі.",55.31010222085736
306,Bitte öffnen Sie ihre Tasche.,"Відкрийте сумку, будь ласка.","Будь ласка, відкрийте свою сумку.",65.86895298159017
307,Bitte öffnen Sie seine Tasche.,"Відкрийте сумку, будь ласка.","Будь ласка, відкрийте його сумку.",61.84372073198333
308,Bitte rufen Sie ihn an.,"Зателефонуйте йому, будь ласка.","Будь ласка, подзвоніть йому.",33.08517985987237
309,Bitte schön.,Нема за що.,Ось.,0.0
310,Bitte sende es mir per Fax.,"Відправ мені це факсом, будь ласка.","Будь ласка, відправте мене факсом.",55.48562964142674
311,Bitte singe ein Lied.,"Заспівай пісню, будь ласка.","Будь ласка, заспівай пісню.",75.9662972046873
312,Bitte sprechen Sie langsamer.,"Будь ласка, розмовляйте повільніше.","Будь ласка, помовч повільніше.",56.32257139286446
313,Bitte stehen Sie nicht auf.,"Не вставайте, будь ласка.","Будь ласка, не встаньте.",47.28882440028242
314,Bitte steh nicht auf.,"Не вставай, будь ласка.","Будь ласка, не вставай.",69.36753333812158
315,Bitte steht nicht auf.,"Не вставайте, будь ласка.","Будь ласка, не впадайте у відчай.",41.059918346902215
316,"Bitte Tom, nicht auf mich zu warten!",Попроси Тома не чекати на мене.,"Будь ласка, Томе, не чекайте на мене!",35.33443677278428
317,"Bitte, trink etwas!",Випийте щось.,"Будь ласка, випий щось!",29.493746432283498
318,Bitte übersetzen Sie diesen japanischen Text ins Französische.,"Перекладіть цей японський текст на французьку, будь ласка.","Будь ласка, перетворіть цей японський текст на французьку.",77.16963540010983
319,Bitte verbinden Sie mich mit Herrn Smith.,"З'єднайте мене з паном Смітом, будь ласка.",Прошу зв'язати мене з паном Смітом.,46.10749959171049
320,Bitte weine nicht.,"Не плач, будь ласка.","Будь ласка, не плач.",61.37612387612387
321,Bitte zeigen Sie mir diese Fotos.,"Будьте ласкаві, покажіть мені ці фотографії.","Будь ласка, покажіть мені ці фотографії.",75.6236060151272
322,Bleibt Tom zum Abendessen?,Том залишиться на вечерю?,Том залишається на вечерю?,80.31402405212837
323,Blinde glauben nicht an die Liebe auf den ersten Blick.,Сліпі не вірять у кохання з першого погляду.,Сліпі не вірять у кохання на перший погляд.,70.50550156835901
324,"Bob aß die Schnecke, dann erbrach er sich.","Боб з'їв равлика, потім виригав.","Боб з'їв слимак, а потім зламався.",41.62916239526255
325,Bob hat mir geholfen.,Боб мені допоміг.,Боб допоміг мені.,58.15980315980316
326,Bob war sehr glücklich.,Боб був дуже щасливий.,Боб був дуже щасливий.,100.0
327,Boston ist langweilig.,Бостон нудний.,Бостон нудний.,100.0
328,Boston verändert sich.,Бостон змінюється.,Бостон змінюється.,100.0
329,Bratislava ist die Hauptstadt der Slowakei.,Братислава - столиця Словаччини.,Братіслава — столиця Словаччини.,72.24544189036943
330,Brauchen Sie einen Krankenwagen?,Вам потрібна швидка допомога?,Вам потрібна швидка допомога?,100.0
331,Brauchen Sie Geld?,Вам потрібні гроші?,Вам потрібні гроші?,100.0
332,Brauchen wir einen Plan B?,"Ми потребуємо плану ""Б""?",Нам потрібен план Б?,21.53590232888792
333,Brauchen wir einen Plan B?,"Нам потрібний план ""Б""?",Нам потрібен план Б?,49.48752698414749
334,Brauchst du meine Hilfe noch?,Тобі все ще потрібна моя допомога?,Тобі потрібна моя допомога?,74.6695212160974
335,Brauchst du unsere Hilfe?,Тобі потрібна наша допомога?,Тобі потрібна наша допомога?,100.0
336,Brauchst du viel Geld?,Тобі потрібно багато грошей?,Тобі потрібні великі гроші?,46.109607307906245
337,Braucht ihr einen Krankenwagen?,Вам потрібна швидка?,Вам потрібна швидка допомога?,86.41254080527321
338,Braucht ihr einen Krankenwagen?,Вам потрібна швидка допомога?,Вам потрібна швидка допомога?,100.0
339,Brian hat einen Lippenstift für Kate gekauft.,Брайан купив для Кейт губну помаду.,Браян купив для Кейт губну помадку.,81.37038206578437
340,Brich niemals dein Versprechen!,Ніколи не порушуй своєї обіцянки.,Ніколи не роби обіцянь!,39.03962555054774
341,Bringen Sie mir etwas kaltes Wasser.,Принесіть мені холодної води.,Принесіть мені трохи холодної води.,84.49684143399779
342,Bring es mir.,Принеси його мені.,Принеси.,39.98161764705882
343,"Bring mir etwas Wasser, aber schnell!","Принеси мені води, швиденько.","Принеси мені трохи води, але швидко!",54.02578771833306
344,Bronislaw ist 18 Jahre alt.,Броніславу вісімнадцять років.,Бронніслоу 18 років.,25.176694876883367
345,"Brustschwimmen kann ich, aber Rückenschwimmen nicht.","Я можу плисти на животі, але не на спині.","Я можу плавати по грудях, але спина не плаває.",29.879337589338405
346,Bulgarien ist ein wunderschönes Land.,Болгарія - прекрасна країна.,Болгарія - це чудова країна.,51.379079893063526
347,Butter macht man aus Milch.,Масло роблять з молока.,Виготовлення масла з молока.,34.344931901860335
348,Butter wird aus Milch gemacht.,Масло роблять з молока.,масло виготовляють з молока.,48.71322916006027
349,Carol hat Kopfweh.,У Керол болить голова.,У Керол голова болить.,64.86156000861884
350,Caty ist lesbisch.,Кеті лесбіянка.,Кеті лесбійка.,66.0611941001057
351,Champagner wird aus Frankreich importiert.,Шампанське імпортують із Франції.,Шампанське імпортують з Франції.,86.9744820688157
352,China ist das größste Land Asiens.,Китай - найбільша країна в Азії.,Китай є найжорстокішою країною Азії.,30.98360740814698
353,China ist das größte Land in Asien.,Китай - найбільша країна в Азії.,Китай - найбільша країна Азії.,86.01922771165032
354,China ist ein großes Land.,Китай - велика країна.,Китай є великою країною.,44.193852903491326
355,China ist größer als Japan.,"Китай більший, ніж Японія.",Китай більший за Японію.,64.38530808803574
356,Christiano Ronaldo ist ein Fußballspieler.,Кріштіану Роналду - футболіст.,Крістіано Рональдо - футболіст.,52.54772262614673
357,Christoph Kolumbus entdeckte Amerika im Jahre 1492.,Христофор Колумб відкрив Америку в 1492 році.,Христофор Колумб відкрив Америку в 1492 р.,93.10695439349135
358,"Christoph Kolumbus fand einst den Heiligen Gral, warf ihn aber weg, weil ihm die Farbe nicht gefiel.","Христофор Колумб якось знайшов Святий Грааль, але викинув його, бо йому не сподобався колір.","Христофор Колумб колись знайшов священний Грааль, але вигнав його, бо той не любив фарби.",51.998025990339755
359,Computer machen die Leute dumm.,Комп'ютери роблять із людей ідіотів.,Комп'ютери роблять людей дурними.,60.52445643744904
360,Computer machen Menschen dumm.,Комп'ютери роблять із людей ідіотів.,Комп’ютери роблять людей дурними.,48.301867247325056
361,Coolidge hat die Wahl im Jahre 1924 spielend gewonnen.,Кулідж легко переміг на виборах у 1924 році.,Круїд виграв вибір у 1924 році.,28.512342295440096
362,Cristiano Ronaldo ist ein Fußballspieler.,Кріштіану Роналду - футболіст.,Крістіно Рональдо - футболіст.,48.895587504283164
363,Cristiano Ronaldo ist Fußballer.,Кріштіану Роналду - футболіст.,Крістіно Рональдо - футболіст.,48.895587504283164
364,"Da du gekocht hast, kümmere ich mich um den Abwasch.","Оскільки ти готувала, я помию посуд.","Тому що ти готувала, я потурбуюся про миття посуду.",48.77641194885749
365,Da fehlt eine Seite.,Не вистачає сторінки.,Там немає сторінки.,50.90641055312467
366,Dafür bin ich zu alt.,Я для цього занадто стара.,Я занадто старий для цього.,74.59371320248871
367,Da hängt ein Schatten über mir.,Наді мною нависла тінь.,Наді мною нависла тінь.,100.0
368,Da ist eine Katze auf dem Stuhl.,На стільці є кіт.,Там кіт на стільці.,57.07633450938475
369,Da ist eine weiße Taube auf dem Dach.,На даху сидить білий голуб.,На даху є біла голубка.,35.54274821798667
370,Da ist ein Hund an der Tür.,Біля дверей стоїть пес.,Там собака біля дверей.,40.48673562992449
371,Damals waren wir jünger.,Тоді ми були молодші.,Тоді ми були молодшими.,90.48104574538087
372,Damals war Mary Toms Freundin.,Мері тоді була дівчиною Тома.,У той час Мері Том була подругою.,25.407754987593407
373,Damals war Tom mein einziger Freund.,На той час Том був моїм єдиним другом.,Тоді Том був моїм єдиним другом.,73.4945852262408
374,Damit hat Tom nicht gerechnet.,Том цього не очікував.,Том цього не сподівався.,54.01026798773222
375,Daniela hat mich zu Hause angerufen.,Даніела зателефонувала мені додому.,Даніела подзвонила мені додому.,52.748613832938986
376,Dank dir habe ich meinen Appetit verloren.,Через тебе я втратив апетит.,Завдяки тобі я втратила апетит.,38.95991427741535
377,„Danke!“ – „Bitte!“,"Дякую. - ""Прошу"".",« Дякую! » — « Будь ласка! »,20.80818806631213
378,"Danke, das ist alles.","Дякую, це все.","Дякую, це все.",100.0
379,"Danke, dass Sie mich eingeladen haben.","Дякую, що запросили мене!","Дякую, що запросили мене.",100.0
380,Danke für das Kompliment!,Дякую за комплімент.,Дякую за комплімент!,100.0
381,Danke für das wunderbare Essen.,Дякую за чудову їжу.,Дякую за чудову їжу.,100.0
382,Danke für deine Antwort.,Дякую за відповідь.,Дякую за відповідь.,100.0
383,Danke für deine Erklärung.,Дякую за пояснення.,Дякую за пояснення.,100.0
384,Danke für deine freundlichen Worte!,Дякую за добрі слова.,Дякую за ваші добрі слова!,76.89201840905423
385,Danke für deine Geduld!,Дякую тобі за терпіння.,Дякую за терпіння.,62.056075065709614
386,Danke für dein Geschenk.,Дякую тобі за подарунок.,Дякую за подарунок.,64.44650938317935
387,Danke für die Blumen!,Дякую за квіти.,Дякую за квіти.,100.0
388,"Danke für die Hilfe. ""Keine Ursache.""",«Дякую за допомогу.» «Нема за що.»,"Дякую за допомогу. ""Немає причини"".",56.28729323156462
389,Danke für die Pizza!,Дякуємо за піцу.,Дякую за піцу.,47.17598805414546
390,Danke für die Praline. Sie war köstlich.,Дякую за шоколад. Він був смачним.,"Дякую за цукерку, вона була смачна.",34.322953926558206
391,Danke für Ihre freundlichen Worte!,Дякую за добрі слова.,Дякую за ваші добрі слова!,76.89201840905423
392,Danke für Ihre Geduld.,Дякуємо вам за терпіння.,Дякую за терпіння.,54.15829341640222
393,Danke fürs Schreiben.,"Дякую за те, що написали.","Дякую, що написав.",49.7835989352312
394,„Danke!“ – „Keine Ursache!“,"Дякую. - ""Прошу"".",« Дякую! » — « Немає причини! »,19.87337458896
395,„Danke!“ – „Keine Ursache!“,"Спасибі. - ""Нема за що"".",« Дякую! » — « Немає причини! »,11.167394449519378
396,„Danke!“ – „Nichts zu danken!“,"Спасибі. - ""Нема за що"".",« Дякую! » — « Нічого не дякувати! »,5.1020408163265305
397,Danke schön.,Щиро дякую!,Дякую.,28.464208266588216
398,Danke trotzdem.,"У будь якому разі, дякую.",Дякую.,13.253730944414771
399,Danke!,Дякуємо!,Дякую.,37.1505579723851
400,Danke!,Дякую!,Дякую.,100.0
401,Danke.,Дякую!,Дякую.,100.0
402,Danke.,Дякую.,Дякую.,100.0
403,Dank seiner Mutter wurde er berühmt.,Він став відомим завдяки матері.,Завдяки своїй матері він став відомим.,67.58306498237545
404,Dann eilte sie nach Hause.,А потім вона поквапилася додому.,Потім вона побігла додому.,47.94264720299944
405,Dann fangen wir an.,"Ну, тоді розпочнімо.",Тоді почнемо.,22.380759846490154
406,Dann haben wir ein Problem...,Тоді ми маємо проблему...,Тоді у нас є проблема...,40.261075458117766
407,Dann komme ich später wieder.,Тоді я повернуся пізніше.,Тоді я повернуся пізніше.,100.0
408,Dann komme ich später wieder.,Тоді я прийду пізніше.,Тоді я повернуся пізніше.,49.75891777917731
409,Dann legte er sich auf das gleiche Bett.,Він тоді лежав на тому ж ліжку.,Потім він ліг на те ж ліжко.,24.38145994508836
410,Dann zögern Sie nicht.,Тож не вагайтеся.,Тоді не вагайтеся.,75.65635752018586
411,Danzig ist die größte Stadt im Norden Polens.,Гданськ - найбільше місто на півночі Польщі.,Данціг - це найбільше місто на півночі Польщі.,78.11590963510184
412,Darf ich deinen Kuli benutzen?,Можна скористатися твоєю ручкою?,Можна скористатися твоєю кулею?,76.9490732474025
413,Darf ich den Fernseher ausschalten?,Можна мені вимкнути телевізор?,Можна вимкнути телевізор?,75.30133610561603
414,Darf ich den Fernseher ausschalten?,Можна я вимкну телевізор?,Можна вимкнути телевізор?,71.12956116909301
415,Darf ich dich Tom nennen?,Можна я буду називати тебе Томом?,Можна називати тебе Томом?,72.85202087539798
416,Darf ich dich unterbrechen?,Можна тебе перебити?,Можна тебе перервати?,72.19343935149605
417,Darf ich dir jetzt etwas zu trinken anbieten?,Я можу тобі запропонувати щось зараз випити?,Можна запропонувати тобі випити?,51.177899630004774
418,Darf ich es noch einmal machen?,Можу я це зробити ще раз?,Можна мені повторити ще раз?,42.32903399562319
419,Darf ich etwas sagen?,Можна мені щось сказати?,Можна мені щось сказати?,100.0
420,Darf ich euer Telefon benutzen?,Можна мені скористатися вашим телефоном?,Можна Ваш телефон?,25.243853199147853
421,"Darf ich fragen, wie alt du bist?","Можна мені запитати, скільки тобі років?","Я можу запитати, скільки тобі років?",75.23112737540683
422,"Darf ich fragen, wie alt du bist?","Можна поцікавитися, скільки тобі років?","Я можу запитати, скільки тобі років?",54.20583872470092
423,"Darf ich fragen, wie alt Sie sind?","Можу я запитати, скільки вам років?","Я можу запитати, скільки вам років?",84.5850408637765
424,Darf ich hier rauchen?,Чи можу я тут курити?,Можна палити тут?,16.661228573374004
425,"Darf ich Ihnen helfen, gnädige Frau?","Чи можу вам чимось допомогти, пані?","Я можу вам допомогти, ваша милість?",44.86938795559485
426,Darf ich mal deinen Bart anfassen?,Можна мені доторктнутися до твоєї бороди?,Можна мені доторкнутися до твоєї бороди?,89.7997099400306
427,Darf ich mich neben euch setzen?,Можна сісти поруч із вами?,Можна сісти поруч?,68.84072681921332
428,Darf ich mich vorstellen? Mein Name ist Tom Frisch.,Можна представитися? Мене звуть Том Фріш.,Мене звати Том свіжий.,19.725442937964196
429,Darf ich mich vorstellen?,Можна мені представитися?,Дозвольте представитися.,52.84034906809565
430,Darf ich mit ihr sprechen?,Чи можу я поговорити з нею?,Можна з нею поговорити?,50.00954608930562
431,Darf ich nach Hause gehen?,Можна мені піти додому?,Можна мені додому?,64.44650938317935
432,Darf ich Sie unterbrechen?,Можна вас перебити?,Можна вас перервати?,70.1987002801598
433,Darum musst du dir keine Sorgen machen.,Тобі не треба хвилюватися за це.,Не хвилюйся про це.,17.530313206491435
434,Darum sind wir hier.,Ось чому ми тут.,Ось чому ми тут.,100.0
435,Darum werde ich mich morgen kümmern.,Я займуся цим завтра.,Тому завтра я займуся цим.,70.27191712188812
436,Darwin hat alles verändert.,Дарвін все змінив.,Дарвін усе змінив.,69.53046953046953
437,"Das Adjektiv endet auf ""a"".","Прикментник закінчується на ""а"".","А прикметник закінчується на ""а"".",81.82110562545346
438,Das also ist Tatoeba.,"Отже, це Татоеба.","Отже, це Татобеба.",77.30717040161377
439,Das ängstigt mich überhaupt nicht.,Я ані трохи цього не боюся.,Це мене зовсім не лякає.,7.322835192896131
440,Das Apartment war mit Möbeln im viktorianischen Stil eingerichtet.,Квартира була мебльована у вікторіанському стилі.,Ця квартира була створена з меблями вікторіанського стилю.,55.0342741591766
441,Das Auto blieb im Schlamm stecken.,Машина застрягла в багні.,Машина застрягла в багні.,100.0
442,Das Auto fuhr gegen einen Telegrafenmast.,Автівка зіткнулась із телеграфним стовпом.,Машину провезли проти телеграфного стовпу.,30.175988631870982
443,Das Auto ist gelb.,Машина жовта.,Машина жовта.,100.0
444,Das Auto ist in der Garage.,Машина в гаражі.,Машина в гаражі.,100.0
445,Das Auto springt nicht an.,Автомобіль не заводиться.,Машина не запускається.,16.99235992509465
446,Das Auto stieß mit dem LKW zusammen.,Автомобіль врізався у вантажівку.,Машину сконструювали разом з вантажівкою.,30.155015940283825
447,Das Baby läuft noch nicht.,Дитина ще не ходить.,Дитина ще не ходить.,100.0
448,Das Baby schläft gerade.,Немовля спить.,Дитина щойно спить.,23.393100107838944
449,Das Baby schlief in der Wiege ein.,Дитина заснула в колисці.,Дитина спала у колисці.,48.53678940064127
450,Das Baby sucht seine Mutter.,Дитя шукає маму.,Дитина шукає свою матір.,30.193584257996942
451,Das Baseballspiel endete unentschieden.,Бейсбольний матч закінчився з нічийним результатом.,Гра в бейсбол закінчилась зовсім по - іншому.,25.407092355396976
452,Das beste Buch über das Leben ist das Leben selbst.,Найкраща книжка про життя - власне життя.,Найкраща книга про життя — це саме життя.,59.37075853624935
453,Das Bett kostet 120 Euro!,Ліжко коштує 120 євро!,Ліжко коштує 120 доларів!,73.79325520278479
454,Das beweist meine Theorie.,Це доводить мою теорію.,Це доводить моя теорія.,71.33793429652563
455,Das Bier ist sehr kalt.,Пиво дуже холодне.,Пиво дуже холодне.,100.0
456,Das Bild erinnerte mich an Schottland.,Картина нагадувала менi Шотландiю.,Ця картина нагадала мені про Шотландію.,58.3668751586612
457,"Das brauchst du mir nicht zu sagen, du Idiot.","Можеш не говорити мені цього, ідіоте.","Не кажи мені, ідіоте.",24.676624893960934
458,Das Brot ist frisch.,Хліб свіжий.,Хліб свіжий.,100.0
459,Das Buch enthält viele Abbildungen.,Ця книжка має багато малюнків.,Ця книжка містить багато малюнків.,76.58930782658425
460,"Das Bücherlesen hörte auf, das Privileg einer Minderheit zu sein.",Читання книжок більше не є привілеєм меншості.,Читання книжок припинило бути привілеєм меншини.,58.4032932327103
461,Das Buch handelt von Sternen.,Ця книжка про зірки.,Ця книжка розповідає про зірки.,69.40769922464376
462,Das Buch hat mir gefallen.,Мені сподобалася ця книжка.,Мені сподобалась ця книжка.,82.1044046215671
463,Das Buch ist alt.,Книжка стара.,Книга стара.,49.453426588098395
464,Das Buch ist geeignet für deine Bedürfnisse.,Ця книга відповідає твоїм потребам.,Ця книжка дуже корисна для твоїх потреб.,29.048797731387822
465,Das Buch ist geeignet für Ihre Bedürfnisse.,Ця книга не відповідає Вашим потребам.,Ця книжка відповідає вашим потребам.,66.27923142463679
466,Das Buch ist gelb.,Книжка жовта.,Ця книжка жовта.,83.67574767000599
467,Das Buch ist neu.,Ця книжка нова.,Ця книга нова.,48.52481541959439
468,Das Buch ist orange.,Книжка помаранчева.,Ця книга оранжева.,19.67328677081118
469,Das Buch ist weiß.,Книга біла.,Книга біла.,100.0
470,Das Ei ist ein universelles Symbol des Lebens und der Wiedergeburt.,Яйце - це універсальний символ життя та відродження.,Яйце — це універсальний символ життя та переродження.,77.98927783859203
471,Das Eis ist geschmolzen.,Крига розтанула.,Лід розплавлений.,13.36999099179411
472,Das Eis schmolz.,Крига розтанула.,Льодовики злилися.,4.629629629629629
473,Das Ende ist nahe.,Кінець вже близько.,Кінець уже близько.,72.00112387612387
474,Das ergibt keinen Sinn.,Це не має сенсу.,Це безглуздо.,7.1929400386847195
475,Das erraten Sie nie!,Цього ти ніколи не вгадаєш!,Ніколи не здогадуйтеся!,30.076391033245947
476,Das erwies sich als richtig.,Це виявилося правдою.,Це доказалося бути правильним.,27.610012716022
477,"Das Esperanto-Alphabet enthält achtundzwanzig Buchstaben: a, b, c, ĉ, d, e, f, g, ĝ, h, ĥ, i, j, ĵ, k, l, m, n, o, p, r, s, ŝ, t, u, ŭ, v, z.","Алфавіт есперанто має 28 літер: a, b, c, ĉ, d, e, f, g, ĝ, h, ĥ, i, j, ĵ, k, l, m, n, o, p, r, s, ŝ, t, u, ŭ, v, z.","У записі Eperanto- Alphhabt міститься двадцять вісім літер: a, b, c, dir, d, e, f, g, 03, h, i, j, vi, k, m, o, p, c, dir, t, u,  qt, v, v.",21.077580346842982
478,Das esse ich nicht.,Я цього не буду їсти.,Я цього не з'їм.,43.36090110416664
479,Das Experiment scheiterte.,Експеримент закінчився невдало.,Експеримент провалився.,44.62328627177119
480,Das Fahrrad gehört mir.,Цей велосипед належить мені.,Мій велосипед.,39.58290813102113
481,Das Fahrrad ist meins.,Цей велосипед належить мені.,Мій велосипед.,39.58290813102113
482,Das Feld ist mit Schnee bedeckt.,Поле вкрите снігом.,Це поле вкрите снігом.,89.77630343862292
483,Das Fenster ist offen.,Вікно відкрите.,Вікно відкрито.,90.21205646205644
484,Das Fenster öffnete sich.,Вікно відчинилося.,Вікно відчинилося.,100.0
485,Das Fernsehen zerstört das Familienleben.,Телевізор руйнує родинне життя.,Телевізор руйнує родинне життя.,100.0
486,Das Fest ist zu Ende.,Вечірка закінчилася.,Свято закінчилось.,37.48747456378571
487,Das Fest ist zu Ende.,Вечірка скінчилася.,Свято закінчилось.,26.347363986085732
488,Das Festival war alles andere als öde.,Фестиваль був далеко не нудним.,Святкування було зовсім не пустим.,15.886442775728678
489,Das Fleisch ist roh.,М'ясо сире.,М'ясо сире.,100.0
490,Das Fleisch ist zäh.,М'ясо жорстке.,М'ясо жорстке.,100.0
491,Das Fleisch schmeckt schlecht.,М'ясо погано смакує.,М'ясо погано смакує.,100.0
492,Das Flugzeug flog über den Wolken.,Літак летів над хмарами.,Літак пролетів над хмарами.,81.81668306933229
493,Das Flugzeug ist abgestürzt.,Літак розбився.,Літак впав.,24.720208842911532
494,Das Flugzeug wird in einer Stunde abheben.,Літак злетить за годину.,Літак злетить за годину.,100.0
495,Das frisch getraute Paar ging Hand in Hand.,"Молоді йшли, узявшись за руки.",Молодша пара пішла рука в руку.,23.015050334120467
496,Das Frühstück ist bereitet.,Сніданок готовий.,Сніданок готовий.,100.0
497,Das Frühstück war sehr gut.,Сніданок був дуже смачний.,Сніданок був дуже хороший.,66.13230566016942
498,Das funktioniert nie.,Це ніколи не запрацює.,Це ніколи не працює.,71.18688063971533
499,Das funktioniert nie.,Це ніколи не спрацює.,Це ніколи не працює.,75.12384464819488
500,Das Gebäude hat ein russischer Architekt gebaut.,Будинок побудовано російським архитектором.,Цей будинок збудував російський архітектор.,43.15294009843079
501,Das Gebäude wurde von einem russischen Architekten erbaut.,Будинок побудовано російським архитектором.,Цей будинок збудував російський архітектор.,43.15294009843079
502,Das Gegenteil von unpraktisch ist praktisch.,Антонім до непрактичності - практичність.,Протилежність непрактичності є практичною.,58.27770504819152
503,Das gehört ihm.,Це його.,Це його.,100.0
504,Das geht dich nichts an.,Це не твоя справа.,Це не твоя справа.,100.0
505,Das geht vorbei.,Це піде у минуле.,Все буде добре.,7.922854625093953
506,Das gesamteuropäische Sabantuy 2014 findet am 7. Juni in Riga statt. Die jährliche Organisation dieses nationalen tatarischen Feiertags in den Kulturhauptstädten des Kontinents wird zu einer guten Tradition.,Європейський Сабантуй 2014 року проходить 7 червня в Ризі. Щорічна організація цих татарських національних свят у культурних столицях континенту стає доброю традицією.,Загальна європейська конференція 2014 року проводиться 7 червня в Ризі.,26.410411871647426
507,Das Geschäft ist gerade gegenüber von meinem Haus.,Крамниця знаходиться просто навпроти мого будинку.,Цей бізнес прямо навпроти мого дому.,32.68480726716067
508,Das Gesetz ist für alle gleich.,Закон один для всіх.,Закон однаковий для всіх.,62.08151103049222
509,Das Gesicht ist der Spiegel der Seele.,Обличчя - дзеркало душі.,Обличчя - дзеркало душі.,100.0
510,Das glaube ich nicht.,Я в це не вірю.,Я так не думаю.,8.347566182749787
511,Das glaube ich.,"Думаю, так.",Я так думаю.,37.07384040111085
512,"Das Glück liegt nicht darin, viele Dinge zu besitzen.","Щастя не в тому, щоб володіти багатьма речами.","Щастя полягає не в тому, щоб мати багато речей.",47.776237610796436
513,Das habe ich als Kind immer gemacht.,Я так робив у дитинстві.,У дитинстві я це робила.,48.89854333546284
514,Das habe ich von dir gelernt.,Я навчилася цього у тебе.,Я навчився цього від тебе.,52.4380726189677
515,Das habe ich wirklich nicht von dir erwartet.,Я такого від тебе дійсно не очікувала.,Я цього не очікував від тебе.,47.464691140276344
516,Das hast du absichtlich getan!,Ти це спеціально зробив!,Ти це навмисне зробив!,32.049899195223944
517,Das hat mich gerettet.,Це мене врятувало.,Це врятувало мене.,73.49872349872349
518,Das hat nichts mit euch zu tun.,Це не має до вас жодного відношення.,Це не має нічого спільного з вами.,27.61436827120951
519,Das hat nichts mit euch zu tun.,Це не має до вас жодного стосунку.,Це не має нічого спільного з вами.,30.734173770405654
520,Das hat nichts mit Ihnen zu tun.,Це не має до вас жодного відношення.,Це не має нічого спільного з вами.,27.61436827120951
521,Das hat niemand von uns vor.,Ніхто з нас не планує це зробити.,Ніхто з нас такого не має.,33.46339935344631
522,Das hätte ich beinahe vergessen.,Я мало не забув цього зробити.,Я мало не забув.,49.376993505278236
523,Das hat Tom gar nicht gesagt.,Том цього не казав.,Том цього не казав.,100.0
524,Das Haus brennt.,Дім горить!,Будинок горить.,44.87763226131357
525,"Das Haus ist komplett abgebrannt, bevor die Feuerwehr kam.","До того часу, як приїхала пожежна бригада, весь будинок згорів.","Цей будинок повністю згорів, перш ніж прийшли пожежники.",29.100706079804205
526,Das Haus ist rot.,Будинок червоний.,Будинок червоний.,100.0
527,Das Haus war leer bis auf eine Katze.,"Будинок був пустим, за винятком кота.","Будинок був порожній, крім кішки.",35.876289156203036
528,Das Haus wurde durch Feuer zerstört.,Будинок був зруйнований вогнем.,Будинок був зруйнований вогнем.,100.0
529,Das Heidentum ist viel näher an der Natur als das Christentum.,"Язичництво набагато ближче до природи, ніж християнство.","Язичество набагато ближче до природи, ніж християнство.",88.53048646237268
530,Das hier ergibt keinen Sinn.,Це без сенсу.,Тут немає сенсу.,29.1144508266452
531,Das hier ergibt keinen Sinn.,Це не має сенсу.,Тут немає сенсу.,76.5805332823536
532,"Das hier ist haargenau das Buch, nach dem ich suchte.","Це саме та книга, яку я шукав.","Це точно та книга, яку я шукав.",71.36231754693736
533,Das hier ist mein Bruder Tom.,Це мій брат Том.,Це мій брат Том.,100.0
534,Das hoffe ich.,"Сподіваюся, що так.",Сподіваюся.,64.48674371176071
535,Das hoffe ich.,Я на це сподіваюся.,Сподіваюся.,55.581204801843555
536,Das interessiert mich nicht.,Це мене не цікавить.,Мене це не цікавить.,68.89097014097013
537,Das ist alles deine Schuld!,Це все твоя вина.,Це все твоя провина!,70.86797887415547
538,Das ist alles deine Schuld!,Це все твоя провина.,Це все твоя провина!,100.0
539,"Das ist alles, was ich versprechen kann.","Це все, що я можу пообіцяти.","Це все, що я можу обіцяти.",76.24037649780017
540,Das ist alles?,Це все?,Це все?,100.0
541,Das ist auch wahr.,Це також вірно.,Це теж правда.,14.674191190411214
542,Das ist auf meinem Mist gewachsen.,Це була моя ідея.,Це виросло на моїй дупі.,15.71833932463695
543,Das ist bequem.,Зручно.,Це зручно.,53.66165102153507
544,"Das ist besser, oder?","Так краще, так?","Це краще, чи не так?",43.66036611475174
545,Das ist besser.,Так краще.,Це краще.,40.45212466714173
546,Das ist besser.,Так ліпше.,Це краще.,6.41025641025641
547,Das ist Copacabana!,Це Копакабана!,Це Копакабана!,100.0
548,"Das ist das Dümmste, was ich je gesagt habe.","Це найбільша нісенітниця, яку я коли-небудь казав.","Це найпривабливіша річ, яку я коли-небудь говорив.",41.648748792522866
549,Das ist das Interessanteste.,Це саме цікаве.,Це найцікавіше.,30.293876269974064
550,Das ist das letzte Mal.,Це в останній раз.,Це останній раз.,78.35194243142867
551,Das ist dein Buch.,Це твоя книжка.,Це твоя книга.,70.23134504616002
552,Das ist deine Aufgabe.,Це твоя робота.,Це твоє завдання.,25.596530503229566
553,Das ist dein Hauptproblem.,Це твоя головна проблема.,Це твоя основна проблема.,69.94176618015628
554,"Das ist dein Hut, oder?","Це твій капелюх, так?","Це твій капелюх, так?",100.0
555,Das ist dein Platz.,Це твоє місце.,Це твоє місце.,100.0
556,Das ist deins.,Це твій.,Це твоя.,35.0
557,"Das ist der Grund, weshalb ich herkam.","Це і є причина, чому я сюди прийшов.",Ось чому я прийшов сюди.,36.46217405836024
558,Das ist der heißeste Sommer seit 50 Jahren.,Це найспекотніше літо за п’ятдесят років.,Це найспекотніше літо за 50 років.,67.12442485503274
559,Das ist der letzte Zug.,Це останній потяг.,Це останній хід.,61.20522766866322
560,"Das ist der Mann, den ich gut kenne.","Це людина, яку я добре знаю.","Це той чоловік, якого я добре знаю.",42.92964723330112
561,Das ist der Rechner meiner Mutter.,Це комп'ютер моєї мами.,Це комп'ютер моєї матері.,85.65307929877284
562,Das ist der wichtigste Grund.,Це найважливіша причина.,Це найважливіша причина.,100.0
563,Das ist die Ansicht eines Dilettanten.,Це думка дилетанта.,Ось як виглядає дилетант.,39.998565280741175
564,Das ist die einzige Möglichkeit.,Це єдина можливість.,Це єдина можливість.,100.0
565,Das ist die erste Reise meines Lebens.,Це перша подорож у моєму житті.,Це перша подорож мого життя.,60.88370485891067
566,Das ist die Kamera meiner Schwester.,Це фотоапарат моєї сестри.,Це камера моєї сестри.,45.18426177000246
567,"Das ist doch nicht so einfach, wie ich dachte.","Це не так просто, як мені здавалося.","Це не так просто, як я думав.",55.41208704358104
568,Das ist durchaus möglich.,Це цілком можливо.,Це можливо.,42.17742806528392
569,Das ist ein Adverb.,Це прислівник.,Це прислівник.,100.0
570,Das ist ein altes Gesetz.,Це стародавній закон.,Це старий закон.,46.1315910549903
571,Das ist ein Boot.,Це човен.,Це човен.,100.0
572,Das ist ein Buch über Fettleibigkeit.,Ця книга про ожиріння.,Це книга про ожиріння.,87.86267925973807
573,Das ist ein Buch über Sterne.,Ця книга про зірки.,Це книга про зірки.,84.8024198024198
574,Das ist ein Buch über Tiere.,Ця книга про тварин.,Це книга про тварин.,85.98297535797536
575,Das ist eine Ausnahme.,Це виняток.,Це виняток.,100.0
576,Das ist eine bewiesene Tatsache.,Це доведений факт.,Це є доказальний факт.,39.76245802203442
577,Das ist eine gute Antwort.,Це добра відповідь.,Це гарна відповідь.,59.06003718503718
578,Das ist eine gute Idee!,Це гарна ідея!,Це гарна ідея!,100.0
579,Das ist eine gute Regel.,Це хороше правило.,Це добре правило.,49.325935041264394
580,Das ist eine gute Schule.,Це хороша школа.,Це гарна школа.,37.39417201528737
581,"Das ist eine gute Zeitung, stimmt's?","Це хороша газета, чи не так?","Це гарна газета, так?",36.03594657665223
582,Das ist eine japanische Puppe.,Це японська лялька.,Це японська лялька.,100.0
583,Das ist eine Katastrophe.,Це катастрофа.,Це катастрофа.,100.0
584,Das ist eine Kopie.,Це копія.,Це копія.,100.0
585,Das ist eine lange Geschichte.,Це довга історія.,Це довга історія.,100.0
586,Das ist eine Lüge!,Це брехня!,Це брехня!,100.0
587,Das ist ein enormer Verlust.,Це величезна втрата.,Це величезна втрата.,100.0
588,Das ist eine schwere Anschuldigung.,Це дуже серйозне звинувачення.,Це серйозне звинувачення.,82.74480365051676
589,Das ist eine schwere Sprache.,Це тяжка мова.,Це важка мова.,55.594035594035596
590,Das ist eine sehr einfache Idee.,Це дуже проста ідея.,Це дуже проста ідея.,100.0
591,"Das ist eine sehr heimtückische Krankheit. Man bemerkt sie erst, wenn es zu spät ist.","Це дуже підступна хвороба. Ти її не помічаєш, допоки не стає запізно.","Це дуже підступна хвороба, яку можна помітити лише тоді, коли вже надто пізно.",48.22713291258905
592,Das ist eine sehr schöne Blume.,Це дуже гарна квітка.,Це дуже гарна квітка.,100.0
593,Das ist eine Silbermünze.,Це срібна монета.,Це срібна монета.,100.0
594,Das ist eine tolle Idee.,Це чудова ідея.,Це чудова ідея.,100.0
595,Das ist eine Überraschung.,Це сюрприз.,Це сюрприз.,100.0
596,Das ist eine wichtige Frage.,Це важливе питання.,Це важливе питання.,100.0
597,Das ist ein Foto meiner Schwester.,Це фотографія моєї сестри.,Це фото моєї сестри.,58.88285619519408
598,Das ist ein Foto.,Це фотографія.,Це фото.,39.890284082892784
599,Das ist ein Geschenk für dich.,Це подарунок тобі.,Це подарунок для тебе.,66.4161466120193
600,Das ist ein Geschenk für dich.,Це тобі подарунок.,Це подарунок для тебе.,54.15799749299186
601,Das ist ein Geschenk für Sie.,Це подарунок вам.,Це подарунок для вас.,73.15596042903671
602,Das ist ein Geschenk für Sie.,Це подарунок для вас.,Це подарунок для вас.,100.0
603,Das ist ein Hotel.,Це готель.,Це готель.,100.0
604,"Das ist ein kleiner Schritt für den Menschen, aber ein riesiger Sprung für die Menschheit.","Це маленький крок для людини, але величезний стрибок для людства.","Це малий крок для людини, але величезний стрибок для людства.",88.6310291322349
605,Das ist ein kleines Buch.,Це маленька книжка.,Це маленька книжка.,100.0
606,Das ist ein Löwe.,Це лев.,Це лев.,100.0
607,Das ist ein Pferd.,Це кінь.,Це кінь.,100.0
608,Das ist ein Problem.,Це проблема.,Це проблема.,100.0
609,Das ist ein Riesenfehler.,Це величезна помилка.,Це велика помилка.,58.5310585864505
610,Das ist ein rutschiger Abhang.,Це слизька доріжка.,Це слизький схил.,40.97150387733071
611,Das ist ein Satz.,Це речення.,Це речення.,100.0
612,Das ist ein Schneemann.,Це сніговик.,Це сніжник.,35.563058422994814
613,Das ist ein schönes T-Shirt.,Це гарна футболка.,Це гарна футболка.,100.0
614,Das ist ein sehr nützliches Wörterbuch.,Це дуже корисний словник.,Це дуже корисний словник.,100.0
615,Das ist ein Verbrechen.,Це злочин.,Це злочин.,100.0
616,Das ist ein ziemlich riskanter Beruf.,Це доволі ризикована робота.,Це досить ризикована робота.,69.81381318909922
617,Das ist entsetzlich teuer.,Це надзвичайно дорого.,Це дуже дорого.,26.031681329871542
618,Das ist Erpressung!,Це шантаж.,Це шантаж!,100.0
619,Das ist er.,Це він.,Це він.,100.0
620,Das ist etwas anderes.,То інша справа.,Це щось інше.,12.0650390598185
621,Das ist etwas anderes.,Це інша справа.,Це щось інше.,15.074183976261127
622,Das ist eure Entscheidung.,Це ваше рішення.,Це ваш вибір.,25.600936877022317
623,Das ist Fleisch.,Це м'ясо.,Це м'ясо.,100.0
624,Das ist für dich.,Це тобі.,Це для тебе.,13.079112681586183
625,Das ist für jetzt genug.,На даний момент досить.,Досить цього на даний момент.,67.30558628093476
626,Das ist für jetzt genug.,Поки що вистачить.,Досить цього на даний момент.,12.165192124869606
627,Das ist für Sie.,Це вам.,Це для вас.,22.990353697749196
628,Das ist gar nicht so übel!,Це не так вже й погано!,Це не так вже й погано!,100.0
629,Das ist gefährlich.,Це небезпечно.,Це небезпечно.,100.0
630,"Das ist genau das Buch, wonach ich gesucht habe.","Це саме та книга, яку я шукав.","Це саме та книжка, яку я шукала.",74.44796018242842
631,"Das ist genau die Uhr, die ich letzte Woche verloren habe.","Це той самий годинник, що я загубив тиждень тому.","Це саме той годинник, який я втратив минулого тижня.",34.85562959374244
632,"Das ist genug für heute, ich bin müde.","На сьогодні досить, я втомився.","На сьогодні вистачить, я втомився.",73.54757263256856
633,Das ist gerechtfertigt.,Ци виправдано.,Це справедливо.,23.327267325568446
634,Das ist Gift.,Це отрута.,Це отрута.,100.0
635,Das ist Herr Pedro.,Це пан Педро.,Це містер Педро.,32.42349794467388
636,Das ist ihr Buch.,Це їхня книжка.,Це її книга.,20.192012937706416
637,Das ist Ihre Entscheidung.,Це ваше рішення.,Це твій вибір.,8.050577804775747
638,Das ist Ihr Problem.,Це ваша проблема.,Це ваша проблема.,100.0
639,Das ist illegal.,Це незаконно.,Це незаконно.,100.0
640,Das ist kein Apfelsinenbaum.,Це не апельсинове дерево.,Це не яблучне дерево.,35.07565754622
641,Das ist kein Blut. Das ist Rote Bete.,Це не кров. Це буряк.,Це не кров.,48.45075981843299
642,"Das ist keine Schlange, sondern nur ein Stück Seil.",Це не змія. Це всього лише шматок мотузки.,"Це не змія, це лише шматок мотузки.",68.33504143897645
643,Das ist kein Essen.,Це не їжа.,Це не їжа.,100.0
644,Das ist keine zufällige Fügung.,Це не збіг обставин.,Це не просто випадковість.,19.170795104575237
645,"Das ist kein Hebräisch, sondern Jiddisch.",Це не іврит. Це ідиш.,"Це не єврейська мова, а сідадда.",17.447500113077254
646,Das ist kein Irrtum.,Це не помилка.,Це не помилка.,100.0
647,Das ist kein Salz.,Це не сіль.,Це не сіль.,100.0
648,Das ist kein Schwein; das ist ein Affe.,Це не свиня; це мавпа.,"Це не свиня, це мавпа.",75.12384464819488
649,Das ist kein Spielzeug!,Це не іграшка!,Це не іграшка!,100.0
650,Das ist kein Spiel!,Це не гра.,Це не гра!,100.0
651,Das ist kein Tiger.,Це не тигр.,Це не тигр.,100.0
652,Das ist kein Trinkwasser.,Це непитна вода.,Це не питна вода.,100.0
653,Das ist kein Trinkwasser.,Ця вода непитна.,Це не питна вода.,56.54623154623155
654,Das ist kinderleicht!,Це дуже легко!,Це легко!,46.12230593374825
655,Das ist komisch.,Це кумедно.,Це дивно.,16.26956919209233
656,Das ist leichter gesagt als getan.,"Простіше сказати, ніж зробити.","Це легше сказати, ніж зробити.",73.83706438466137
657,Das ist leicht.,Це легко.,Це легко.,100.0
658,Das ist lustig.,Це кумедно.,Це смішно.,13.743309545049065
659,Das ist mein Bruder Tom.,Це мій брат Том.,Це мій брат Том.,100.0
660,Das ist meine Angelegenheit.,Це моя справа.,Це моя справа.,100.0
661,Das ist meine CD.,Це мій диск.,Це мій диск.,100.0
662,Das ist meine Geschäftsadresse.,Це моя рабоча адреса.,Це моя ділова адреса.,47.09949364361128
663,Das ist meine Großmutter.,Це моя бабуся.,Це моя бабуся.,100.0
664,Das ist meine Hose.,Це мої штани.,Це мої штани.,100.0
665,Das ist meine Idee.,Це моя ідея.,Це моя ідея.,100.0
666,Das ist meine Küche.,Це моя кухня.,Це моя кухня.,100.0
667,Das ist meine Lieblingsband.,Це моя улюблена група.,Це моя улюблена стрічка.,67.45142080777843
668,Das ist meine Postleitzahl.,Це мій поштовий індекс.,Це мій поштовий індекс.,100.0
669,"Das ist mein erster Flug. Ich bin nervös, sagt Hiroshi.","Це мій перший політ. Я нервуюся, - каже Хіросі.","Це мій перший політ, я нервую, каже Хіроші.",68.70390231153044
670,Das ist meine Schwester Maria.,Це моя сестра Мері.,Це моя сестра Марія.,77.70082676871199
671,Das ist meine Schwester. Sie heißt Julia.,Це моя сестра. Її звати Юля.,"Це моя сестра, її звати Джулія.",63.26006370785141
672,Das ist meine Schwester.,Це моя сестра.,Це моя сестра.,100.0
673,Das ist meine Uhr.,Цей годинник мій.,Це мій годинник.,66.6633100303254
674,Das ist mein Fahrrad.,Це мій велосипед.,Це мій велосипед.,100.0
675,Das ist mein Freund Tom.,Це мій друг Том.,Це мій друг Том.,100.0
676,Das ist mein Geld.,Це мої гроші.,Це мої гроші.,100.0
677,Das ist mein letztes Wort.,Це моя остаточна відповідь.,Це моє останнє слово.,19.92412914077781
678,Das ist mein Lieblingsgericht.,Це моя улюблена страва.,Це моя улюблена страва.,100.0
679,Das ist mein Lieblingslied.,Це моя улюблена пісня.,Це моя улюблена пісня.,100.0
680,Das ist mein Lieblingsstuhl.,Це мій улюблений стілець.,Це моє улюблене крісло.,32.443108942507074
681,Das ist mein Lied!,Це моя пісня!,Це моя пісня!,100.0
682,Das ist mein Schlafzimmer.,Це моя спальня.,Це моя спальня.,100.0
683,Das ist mir egal.,Я не заперечую.,Мені байдуже.,7.062146892655368
684,Das ist mir völlig egal!,Мені цілком байдуже!,Мені байдуже!,44.05517083253069
685,Das ist nicht das einzige Problem.,Це не єдина проблема.,Це не єдина проблема.,100.0
686,"Das ist nicht das, was ich bestellt habe.",Я не це замовляла.,"Це не те, що я замовив.",25.19530197064517
687,Das ist nicht immer der Fall.,Це не завжди так.,Це не завжди так.,100.0
688,Das ist nicht komisch.,Це не смішно.,Це не дивно.,24.505192041046012
689,Das ist nicht legal.,Це незаконно.,Це не легально.,22.608679850286492
690,Das ist nicht logisch.,Це нелогічно.,Це нелогічно.,100.0
691,"Das ist nicht meine Meinung, nur meine Übersetzung!","Це не моя точка зору, а лише мій переклад!","Це не моя думка, а мій переклад!",48.77913619856016
692,"Das ist nicht mein Haus, nein.","Ні, це не мій будинок.","Це не мій будинок, ні.",78.4536297036297
693,Das ist nicht möglich!,Це неможливо!,Це неможливо!,100.0
694,Das ist nichts für dich.,Це не тобі.,Це не для тебе.,26.24648175148181
695,Das ist nicht sicher.,Це не є безпечним.,Це небезпечно.,52.39471907918769
696,"Das ist nichts, was jeder Beliebige tun kann.","Це не те, що може зробити кожен.","Це не те, що будь-хто може зробити.",67.07708352711471
697,Das ist nicht Tom.,Це не Том.,Це не Том.,100.0
698,Das ist nicht unmöglich.,Це не неможливо.,Це можливо.,58.21131551118959
699,Das ist nicht verkäuflich.,Це не на продаж.,Це не продається.,37.649331632429764
700,"Das ist nicht, was ich bestellt habe.",Я не це замовляв.,"Це не те, що я замовив.",28.06265524030297
701,"Das ist nicht, was ich bestellt habe.",Я не це замовляла.,"Це не те, що я замовив.",25.19530197064517
702,Das ist nicht wichtig.,Це не має значення.,Це не важливо.,13.878522007749156
703,Das ist nicht zum Lachen!,Це не смішно!,Це не смішно!,100.0
704,Das ist nicht zum Lachen!,Це не смішно.,Це не смішно!,100.0
705,Das ist nur ein Placebo.,Це лише плацебо.,Це просто плацебо.,44.95925654663627
706,Das ist original.,Оригінально.,Це оригінально.,83.67574767000599
707,Das ist reine Zeitverschwendung.,Це тільки даремна трата часу.,Це марнування часу.,15.35132383293957
708,Das ist richtig!,Вірно!,Це правильно!,13.533980582524268
709,Das ist Sabotage.,Це саботаж.,Це Сабота.,40.51960415097498
710,Das ist schon aus der Mode.,Це вже не в моді.,Це вже не мода.,55.565565778910965
711,Das ist sehr großzügig von Ihnen.,Це дуже великодушно з вашого боку.,Це дуже щедро від вас.,19.11260098553244
712,Das ist sehr schlecht.,Це дуже погано.,Це дуже погано.,100.0
713,Das ist sehr teuer.,Це надзвичайно дорого.,Це дуже дорого.,26.031681329871542
714,Das ist sehr unprofessionell.,Це дуже непрофесійно.,Це дуже непрофесійно.,100.0
715,Das ist sein Auto.,Це його машина.,Це його машина.,100.0
716,Das ist seine Formel.,Це його формула.,Це його формула.,100.0
717,Das ist seine Meinung.,Це його думка.,Він так думає.,12.760942760942761
718,Das ist sein Haus.,Цей будинок належить йому.,Це його будинок.,31.553896694923996
719,Das ist sein Pferd.,Це її кінь.,Це його кінь.,29.215581267820067
720,Das ist sein Pferd.,Це його кінь.,Це його кінь.,100.0
721,Das ist so klar wie Kloßbrühe.,Це ясно як божий день.,Це точно як клонування.,16.007767328703466
722,Das ist so langweilig.,Це так нудно.,Це так нудно.,100.0
723,"Das ist Tom, mein Kollege.","Це Том, мій колега.","Це Том, мій колега.",100.0
724,Das ist Toms Familie.,Це родина Тома.,Це сім'я Тома.,19.942999586226268
725,Das ist Toms Job.,Це робота Тома.,Це робота Тома.,100.0
726,Das ist Toms Schirm.,Це парасолька Тома.,Це парасолька Тома.,100.0
727,Das ist Toms Vater.,Це тато Тома.,Це батько Тома.,38.128979598194405
728,Das ist Tom.,Це Том.,Це Том.,100.0
729,Das ist ungewöhnlich.,Це незвично.,Це незвично.,100.0
730,Das ist unmöglich.,Це неможливо.,Це неможливо.,100.0
731,Das ist unser Auto.,Це наша машина.,Це наша машина.,100.0
732,Das ist unser Baseballplatz.,Це наше бейсбольне поле.,Це наше поле для бейсболу.,56.21968844463589
733,Das ist unsere Chance.,Це наш шанс.,Це наш шанс.,100.0
734,Das ist unsere Schule.,Це наша школа.,Це наша школа.,100.0
735,Das ist verständlich.,Це зрозуміло.,Це зрозуміло.,100.0
736,Das ist völlig verständlich.,Це цілком зрозуміло.,Це зрозуміло.,51.2815737415346
737,Das ist von meinem Vater.,Це належить батьку.,Це від мого батька.,21.709384100517582
738,Das ist von Tom.,Це від Тома.,Це від Тома.,100.0
739,Das ist vor drei Tagen passiert.,Це було три дні тому.,Це сталося три дні тому.,58.645328164318435
740,Das ist Wasser.,Це вода.,Це вода.,100.0
741,Das ist wirklich eine nette Überraschung!,Це насправді добрий сюрприз!,Яка ж приємна несподіванка!,13.523140979472254
742,Das ist wirklich großartig!,Це дивовижно!,Це справді чудово!,14.517051054602797
743,Das ist wirklich traurig.,Це справді сумно.,Це дуже сумно.,27.383064070155953
744,Das ist zu teuer.,Це задорого!,Це надто дорого.,48.694105191667575
745,Das ist zu teuer!,Це занадто дорого!,Це надто дорого!,73.15024653261979
746,Das ist zu teuer.,Це занадто дорого!,Це надто дорого.,73.15024653261979
747,Das Jobangebot steht noch.,Пропозиція роботи ще в силі.,Ще є попит на роботу.,17.09057956241534
748,Das kann jeder.,Будь-хто може це зробити.,Так може бути будь-хто.,35.98683061467668
749,Das kann jeder.,Кожен може це зробити.,Так може бути будь-хто.,14.35610563269561
750,Das kann man in jedem Wörterbuch nachsehen.,Це є в будь-якому словнику.,Ви можете перевірити це в кожному словнику.,40.47772135506838
751,Das kann nur sie sein.,Це може бути лише вона.,Це може бути тільки вона.,57.97247773581441
752,Das kannst du nicht machen.,Не можна цього робити.,Ти не можеш цього зробити.,45.79865429193783
753,Das Kind folgte mir zum Park.,Дитина пішла за мною до парку.,Дитина пішла за мною в парк.,75.90338965027217
754,Das klingt vernünftig.,Звучить резонно.,Це звучить розумно.,44.76473376724718
755,Das klippklar.,Це ясно як божий день.,Ясно.,10.977187684298293
756,Das Klopapier ist alle!,Закінчився туалетний папір!,Клонковий папір - це все!,26.26221160552144
757,Das kommt auf den Zusammenhang an.,Це залежить від контексту.,Це залежить від контексту.,100.0
758,Das kommt mir spanisch vor.,Для мене це китайська грамота.,Таке трапляється і по-іспанськи.,14.510431596506871
759,Das könnte dich vielleicht interessieren.,Це може тебе зацікавити.,"Можливо, це тебе цікавить.",41.37316322284067
760,Das Konzert fängt gleich an.,Концерт скоро розпочнеться.,Зараз почнеться концерт.,53.805803160755715
761,Das Konzert war ein Erfolg.,Концерт мав успіх.,Концерт був успішним.,51.94179759916443
762,Das Land braucht eure Hilfe.,Країні потрібна ваша допомога.,Країна потребує вашої допомоги.,41.12065156036159
763,Das Land braucht Ihre Hilfe.,Країні потрібна ваша допомога.,Країна потребує вашої допомоги.,41.12065156036159
764,Das Land erklärte seine Unabhängigkeit am 7. September 1822.,Країна проголосила незалежність сьомого вересня тисяча вісімсот двадцять другого року.,Країна оголосила свою незалежність 7 вересня 1822 року.,38.340424143154216
765,Das Laub des Baumes wurde gelb.,Листя на дереві пожовтіло.,Листя дерева стало жовтим.,38.73718386876281
766,Das Leben geht weiter.,Життя триває.,Життя продовжується.,28.30526444375434
767,Das Leben ist gut.,Життя добре.,Життя - це добре.,55.08306123011904
768,Das Leben ist interessant.,Життя цікаве.,Життя цікаве.,100.0
769,Das Leben ist nicht gerecht.,Життя несправедливе.,Життя не є праведне.,52.0054518102848
770,"Das Leben ist nicht lang, es ist breit!","Життя не довге, воно широке!","Життя коротке, воно широке!",56.05158916304427
771,Das Leben ist schwer.,Життя важке.,Життя важке.,100.0
772,Das Leben ist sehr kurz.,Життя дуже коротке.,Життя дуже коротке.,100.0
773,Das Leben ist voller Abenteuer.,Життя є повне пригод.,Життя повне пригод.,75.12384464819488
774,"Das Leben ist zu kurz, um Deutsch zu lernen.","Життя занадто коротке, щоб вивчати німецьку.","Життя надто коротке, щоб вивчити німецьку.",77.15272234017507
775,"Das Leben ist zu kurz, um Deutsch zu lernen.","Життя занадто коротке, щоб вивчити німецьку.","Життя надто коротке, щоб вивчити німецьку.",87.69445116837878
776,Das Lesen von Romanen ist mein Hobby.,Моє хобі - читання романів.,Читання романів - це моє хобі.,70.12934225446955
777,Das Licht ist aus.,Світло вимкнене.,Світло зникло.,33.52131371956078
778,Das Licht ist aus.,Світло не горить.,Світло зникло.,33.52131371956078
779,Das machst du doch mit Absicht!,Ти робиш це навмисно!,Ти це навмисно робиш!,70.10531135531136
780,Das macht mir keine Sorgen.,Я про це не турбуюся.,Це мене не турбує.,40.97150387733071
781,Das macht neugierig.,Це цікаво.,Це викликає цікавість.,34.06781896905713
782,"Das Mädchen ging zur Schule, obwohl sie krank war.","Дівчинка пішла до школи, незважаючи на хворобу.","Ця дівчина ходила до школи, хоча була хвора.",38.339332313528054
783,Das Mädchen half dem Jungen.,Дівчина допомогла хлопцю.,Ця дівчина допомогла хлопцеві.,86.11155038655589
784,Das Mädchen hat dem Jungen geholfen.,Дівчина допомогла хлопцю.,Дівчинка допомогла хлопцеві.,78.72361753116063
785,Das Mädchen hat dem Jungen geholfen.,Дівчина допомогла хлочику.,Дівчинка допомогла хлопцеві.,66.79992986158044
786,Das Mädchen hatte Angst vor ihrem eigenen Schatten.,Дівчинка боялася власної тіні.,Ця дівчина боялася своєї власної тіні.,65.6798407904358
787,Das Mädchen ist einsam.,Дівчина самотня.,Ця дівчина самотня.,87.99203408143428
788,Das Mädchen ist hübsch.,Дівчина гарна.,Ця дівчина гарненька.,70.63447865708864
789,Das Mädchen ist klein für sein Alter.,Дівчинка мала для свого віку.,Дівчинка для свого віку.,75.73452970244728
790,Das Mädchen ist schön.,Дівчина гарна.,Ця дівчина красива.,35.996544261675204
791,Das Mädchen singt und tanzt und dann lächelt es mich an.,"Дівчинка співає й танцює, а потім посміхається мені.","Дівчина співає і танцює, а потім посміхається мені.",82.73587197194423
792,Das Mädchen singt und tanzt und dann lacht es mich an.,"Дівчинка співає й танцює, а потім посміхається мені.","Дівчина співає, танцює, а потім сміється.",54.16958869821967
793,Das Mädchen wusch sich die Haare.,Дівчина помила волосся.,Дівчинка мила волосся.,68.91128365839705
794,Das menschliche Gehirn wiegt ungefähr drei Pfund.,Мозок людини важить близько трьох фунтів.,Людський мозок важить близько 3 кілограмів.,41.78604869526518
795,Das möchte ich mit eigenen Augen sehen.,Я хочу побачити це на власні очі.,Я хочу побачити це на власні очі.,100.0
796,Das Murmeltier ist unsterblich.,Байбак безсмертний.,Соня безсмертна.,46.95977654774789
797,Das Museum ist nun geschlossen.,Музей зараз закритий.,Музей закритий.,64.12112790751553
798,Das müsst ihr entscheiden.,Вам вирішувати.,Ви маєте вирішити.,28.52384327736618
799,Das nächste Jahr wird schlimmer.,Наступний рік буде гіршим.,Наступного року ситуація погіршилась.,34.656673549990735
800,Das nächste Mal werde ich es selbst machen.,Наступного разу я зроблю його сам.,Наступного разу я сам це зроблю.,66.82520654659886
801,Das nächste Mal werden meine Kommentare auf Russisch sein.,Наступного разу мої коментарі будуть російською.,Наступного разу мої коментарі будуть російською.,100.0
802,Das Nashorn ist sehr groß.,Носоріг дуже великий.,Носоріг дуже великий.,100.0
803,Das neue System hat sich als erfolgreich erwiesen.,Нова система виявилась успішною.,Нова система виявилася успішною.,85.760402104605
804,Das Paar ist gestorben.,Пара померла.,Пара померла.,100.0
805,Das Papier wurde in China erfunden.,Папір було винайдено в Китаї.,Папір був винайдений в Китаї.,61.277415376385626
806,Das passiert ab und an.,Таке іноді трапляється.,Це трапляється час від часу.,49.7198007595453
807,Das passiert vielleicht nicht.,Цього може не трапитися.,"Можливо, цього не станеться.",21.72359394264764
808,"Das Passwort ist ""Muiriel"".","Пароль - ""Muiriel"".","Пароль - ""Муїріель"".",40.219347726452206
809,Das Pferd hat Durst.,Кінь хоче пити.,У коня є спрага.,4.166666666666666
810,Das Prinzip „Auge um Auge“ macht die ganze Welt blind.,Око за око - і весь світ стане сліпим.,Принцип « око за око » засліплює цілий світ.,29.56225410326814
811,"Das Problem ist, dass Sonnenenergie zu teuer ist.","Проблема в тому, що сонячна енергія занадто дорога.","Проблема в тому, що сонячна енергія надто дорога.",89.30265592027581
812,Das Radio ist ausgeschaltet.,Радіо вимкнене.,Радіо вимкнене.,100.0
813,Das Radio ist defekt.,Радіо зламалося.,Радіо пошкоджене.,20.80152727993283
814,Das Radio ist kaputt.,Радіо зламалося.,Радіо зламано.,68.00259079671446
815,Das riecht aber seltsam.,Але це дивно пахне.,Це звучить дивно.,19.862193256269887
816,Das Rindfleisch ist zart.,Ця яловичина ніжна.,У яловичині ніжна.,57.77717461615962
817,Das sagt man nicht mehr.,Так уже не кажуть.,Це вже не так.,18.91611910486381
818,Das scheinen keine Amerikaner zu sein.,"Вони, здається, не американці.","Здається, що це не американець.",55.77106026029195
819,"Das scheint dir gerecht zu sein, oder?","Тобі здається, що це справедливо, так?","Тобі здається, що це справедливо, чи не так?",88.97968823686716
820,Das Schicksal kannst du nicht überlisten.,Долю не обдуриш.,Ти не можеш перехитрити долю.,16.924580822734242
821,Das Schiff ist jetzt im Hafen.,Корабель зараз у порту.,Корабель зараз у порту.,100.0
822,Das Schiff transportiert Rohstoffe aus Indonesien.,Корабель перевозить сировину з Індонезії.,Цей корабель переносить сировину з Індонезії.,79.33011606709334
823,Das Schlimmste ist überstanden.,Найгірше вже позаду.,Найгірше позаду.,68.94945996086528
824,Das Schloss ist schön.,Замок прекрасний.,Замок гарний.,29.393538662514118
825,Das schmeckt gut.,Смачно.,Смачно.,100.0
826,Das sind Alkoholiker.,Вони алкоголіки.,Це алкоголіки.,66.77682733422068
827,"Das sind die teuersten Schuhe, die ich je gesehen habe.","Це найдорожчі туфлі, які я коли-небудь бачила.","Це найдорожчі туфлі, які я коли-небудь бачив.",94.88889520966822
828,Das sind Dummköpfe.,Вони дурні.,Це дурні.,35.642683475399004
829,Das sind Dummköpfe.,Вони ідіоти.,Це дурні.,5.319148936170212
830,Das sind Geschenke für meine Freunde.,Це подарунки для моїх друзів.,Це подарунки для моїх друзів.,100.0
831,Das sind Geschenke.,Це подарунки.,Це подарунки.,100.0
832,Das sind gute Neuigkeiten.,Це добрі новини.,Це хороші новини.,46.92947375037238
833,Das sind meine Brüder.,Це мої брати.,Це мої брати.,100.0
834,Das sind meine CDs.,Це мої диски.,Це мої диски.,100.0
835,Das sind meine Geschwister.,Це мої брати й сестри.,Це мої брати і сестри.,74.09744667097607
836,Das sind meine Sachen.,Це мої речі.,Це мої речі.,100.0
837,Das sind nicht meine Bücher.,Це не мої книги.,Це не мої книжки.,77.94676400607176
838,Das sind Spione.,Вони шпигуни.,Це шпигуни.,53.443169639544884
839,Das sind Vegetarier.,Вони вегетаріанці.,Це вегетаріанці.,72.04316494997303
840,Das sind Vögel.,Це птахи.,Це птахи.,100.0
841,Das Spiel fängt morgen Nachmittag um zwei an.,Гра розпочинається завтра вдень о другій годині.,Гра починається о другій ранку.,40.689486134240035
842,Das stimmt nicht.,Це невірно.,Це неправда.,24.28601306862557
843,Das stimmt!,Правильно!,Це правда!,12.406646532752724
844,Das stimmt.,Саме так.,Це правда.,6.944444444444445
845,Das stimmt.,Так.,Це правда.,8.333333333333332
846,Das Symbol ' &amp; ' steht für 'und'.,"Символ "" &amp; "" ставиться замість ""і"".",Піктограма « &amp; » означає « і ».,13.299038046321158
847,Das Symbol '&' steht für 'und'.,"Символ ""&"" означає ""і"".","Символ ""ти"" означає ""і"".",76.54360152178936
848,Das Symbol '&' steht für 'und'.,"Символ ""&"" ставиться замість ""і"".","Символ ""ти"" означає ""і"".",26.08999092254785
849,Das Taxi holte zwei Fahrgäste ab.,Таксі підібрало двох пасажирів.,Таксі забрали двох пасажирів.,59.7229439129338
850,Da steht eine Blume auf dem Tisch.,На столі квітка.,На столі стоїть квітка.,65.50404554280651
851,Das Telefon funktioniert im Moment nicht.,Наразі телефон не працює.,Телефон зараз не працює.,56.28659488980865
852,Das Telefon funktioniert nicht.,Телефон не працює.,Телефон не працює.,100.0
853,Das Telefon ist außer Betrieb.,Телефон не працює.,Телефон зник.,38.29258098815998
854,Das Telefon ist rot.,Телефон червоний.,Телефон червоний.,100.0
855,Das Treffen fand hier statt.,Зустріч була тут.,Зустріч відбулася тут.,53.74654195685958
856,Das Treffen fand hier statt.,Зустріч відбувалася тут.,Зустріч відбулася тут.,76.24037649780017
857,Das Treffen ist in zehn Tagen.,Зустріч буде за десять днів.,Зустріч через десять днів.,60.33042374066152
858,Das tut mir wirklich leid!,Мені дійсно шкода!,Мені дуже шкода!,38.04946418112358
859,Das Undenkbare ist passiert.,Трапилося щось неймовірне.,"І те, що ми можемо зробити, сталося.",15.789331137803272
860,Das Undenkbare ist passiert.,Трапилося щось немислиме.,"І те, що ми можемо зробити, сталося.",20.0756475341477
861,Das Universum ist grenzenlos.,Всесвіт безмежний.,Всесвіт безмежний.,100.0
862,Das Universum ist unendlich.,Всесвіт безмежний.,Всесвіт нескінченний.,39.191453030256966
863,Das Unternehmen war von Anfang an ein Reinfall.,Цей проект з самого початку був помилкою.,"З самого початку, компанія була провалом.",42.06480578208969
864,Das Video ist langweilig.,Це відео нудне.,Це відео нудне.,100.0
865,Das war deine Entscheidung.,Це був твій вибір.,Це був твій вибір.,100.0
866,Das wäre ein Fehler.,Це було б помилкою.,Це було б помилкою.,100.0
867,Das war ein böser Hase.,Це був злий заєць.,Це був поганий кролик.,25.658788075976535
868,Das war eine bescheuerte Idee.,Це була ідіотьска ідея.,Це була дурна ідея.,37.18146133779437
869,Das war eine kluge Entscheidung.,Це було мудре рішення.,Це було мудре рішення.,100.0
870,Das war eine Lüge.,Це була брехня.,Це була брехня.,100.0
871,Das war ein Fehler.,Це була помилка.,Це була помилка.,100.0
872,"Das wäre zu cool, wenn ich zehn Sprachen sprechen könnte!","Було б так круто, якби я розмовляв десятьма мовами!","Було б занадто круто, якби я міг говорити десятьма мовами!",57.264190830072955
873,Das war genug.,Цього було достатньо.,Цього було досить.,65.1936007650191
874,Das war gut geschrieben.,Це було добре написано.,Це було добре написано.,100.0
875,Das war immer so.,Так було завжди.,Так завжди було.,53.61531986531987
876,Das war immer so.,Так завжди було.,Так завжди було.,100.0
877,Das war kein Fehler.,Це не було помилкою.,Це не було помилкою.,100.0
878,Das war nicht meine Idee.,Це була не моя ідея.,Це не моя ідея.,58.21411734599143
879,Das war sicher nicht mit Absicht.,"Я впевнена, що це було ненавмисно.","Звичайно, це не було навмисно.",43.916677664499346
880,Das war sicher nicht mit Absicht.,"Я певен, що це було ненавмисно.","Звичайно, це не було навмисно.",47.979958955359415
881,Das war unser Geheimnis.,Це був наш секрет.,Це була наша таємниця.,20.367546672317868
882,Das war unvermeidlich.,Це було неминуче.,Це було неминуче.,100.0
883,Das Wasser im Brunnen war eisig.,Вода в криниці була крижана.,Води у криниці були крижані.,57.113221129239435
884,Das Wasser im Brunnen war eiskalt.,Вода в криниці була крижана.,Вода в криниці була дуже холодна.,65.97627726488216
885,Das Wasser ist gut.,Вода добра.,Вода добра.,100.0
886,Das Wasser ist herrlich!,Вода чудова!,Вода прекрасна!,19.142467271821715
887,Das Wasser ist nicht kalt.,Вода не холодна.,Вода не холодна.,100.0
888,Das Wasser ist nicht trinkbar.,Ця вода непридатна для пиття.,Вода непридатна для пиття.,87.59697141294565
889,Das Wasser ist sauber.,Вода чиста.,Вода чиста.,100.0
890,Das Wasser ist warm.,Вода тепла.,Вода тепла.,100.0
891,Das Wasser schmeckt gut.,Вода добре смакує.,Смачна вода.,11.188430110472018
892,Das Wasser war blau.,Вода була блакитна.,Вода була синя.,44.457903081548174
893,Das weiß ich bereits.,Я вже це знаю.,Я вже знаю.,48.98855288208827
894,Das weiß ich nicht.,Я цього не знаю.,Я не знаю.,40.29366226625001
895,Das weiß ich schon.,Я вже знаю.,Я знаю.,34.922452768046945
896,Das weiß ich schon.,Я вже це знаю.,Я знаю.,27.73930440135426
897,Das weißt du doch.,Ти вже це знаєш.,Ти ж знаєш.,31.916069079201588
898,Das weißt du ja.,Ти вже це знаєш.,Ти ж знаєш.,31.916069079201588
899,Das Wetter ist heute wunderbar.,Погода сьогодні чудова.,Сьогодні погода чудова.,57.67586859305126
900,Das Wetter war windstill.,Погода була безвітряна.,Погода була невгамовна.,46.51430455223025
901,Das wird dreißig Euro kosten.,Це коштуватиме 30 євро.,Це коштуватиме 30 євро.,100.0
902,Das wird einfach.,Це буде легко.,Все буде просто.,26.725093124343697
903,Das wird komisch sein.,Це буде весело.,Буде дивно.,12.289104647282317
904,Das wird leicht sein.,Це буде легко.,Це буде легко.,100.0
905,Das wird lustig sein.,Це буде весело.,Буде весело.,70.38174418554695
906,Das wird mein letzter Satz in Englisch sein.,Це буде моє останнє речення англійською.,Це буде моє останнє речення англійською.,100.0
907,Das wird nicht allzu schwierig sein.,Це буде не так вже й складно.,Це не буде занадто важко.,25.730357766690187
908,Das wird nicht funktionieren.,Це не спрацює.,Це не спрацює.,100.0
909,Das wird nicht klappen.,Це не спрацює.,Це не спрацює.,100.0
910,Das wird nicht noch einmal passieren.,Цього більше не трапиться.,Цього більше не станеться.,64.58461215427158
911,Das wird nicht passieren.,Це не станеться.,Цього не станеться.,77.24388307957221
912,Das wird sich ereignen.,Це трапиться.,Це станеться.,26.241582491582488
913,Das wird Tom nicht gefallen.,Тому це не сподобається.,Тому це не сподобається.,100.0
914,Das wisst ihr doch.,Ви вже це знаєте.,Ви ж це знаєте.,58.50265208318969
915,Das wisst ihr ja.,Ви вже це знаєте.,Ви це знаєте.,58.34497426945583
916,Das wollte ich nicht.,Я не хотів цього.,Я не хотів.,56.600286383847674
917,Das Wörterbuch enthält ungefähr eine halbe Million Wörter.,У цьому словнику приблизно півмільйона слів.,Словник містить близько півмільйона слів.,54.40306195410686
918,Das Wörterbuch hier gehört mir.,Цей словник мій.,Словник ось тут належить мені.,30.18393478469214
919,Das Wort wird nicht mehr benutzt.,Це слово більше не використовується.,Слово більше не використовується.,90.71322150059918
920,Das wusste ich nicht.,Я цього не знала.,Я цього не знав.,82.02366830285585
921,Das Zimmer hat zwei Fenster.,Ця кімната має два вікна.,У цій кімнаті два вікна.,50.55647367597152
922,Das Zimmer ist leer.,Кімната пуста.,Кімната порожня.,54.17027901011643
923,Das Zimmer war abgeschlossen.,Кімната була замкнена.,Кімната була закрита.,65.79249376020874
924,Das Zimmer wird morgen angestrichen.,Кімнату завтра пофарбують.,Ця кімната завтра наклеюється.,30.861862685352055
925,Das Zusehen schmerzte.,На це було боляче дивитися.,Це боляче бачити.,27.201837646630906
926,Das zweite Semester hat geendet.,Закінчився другий семестр.,Другий семестр закінчився.,77.19208814746571
927,David ist zu Hause.,Давид вдома.,Девід вдома.,46.95767195767196
928,Davon könnt ihr nur träumen.,Вам про це тільки мріяти.,Ви можете тільки мріяти про це.,69.9476341310065
929,Da war niemand im Garten.,У саду нікого не було.,Ніхто не був у саду.,28.226363053826205
930,Dazu bin ich zu alt.,Я для цього занадто стара.,Я занадто старий для цього.,74.59371320248871
931,"Dein Bruder hat geheiratet, oder?","Твій брат одружився, чи не так?","Твій брат одружився, так?",73.81302529344501
932,Deine Antwort ist falsch.,Твоя відповідь невірна.,Твоя відповідь неправильна.,72.07710009026161
933,Deine Frisur gefällt mir nicht.,Мені не подобається твоя зачіска.,Мені не подобається твоя зачіска.,100.0
934,Deine Haare sind nicht einmal nass.,Твоє волосся навіть не мокре.,Твоє волосся навіть не мокре.,100.0
935,Deine Haare sind zu lang.,Твоє волосся задовге.,Твоє волосся занадто довге.,78.40086210521812
936,Deine Ideen sind ziemlich altmodisch.,Твої ідеї досить старомодні.,Твої ідеї застаріли.,36.04586998192141
937,Deine Krawatte sitzt schief.,У тебе перекосилася краватка.,Твоя краватка не в порядку.,32.664118491587466
938,Deine Mannschaft ist stärker als unsere.,Твоя команда сильніша від нашої.,Твоя команда сильніша за нашу.,72.16469741950422
939,Deine Mannschaft ist stärker als unsere.,"Твоя команда сильніша, ніж наша.",Твоя команда сильніша за нашу.,75.95769809188153
940,Deine Meinung interessiert mich nicht.,Мене не цікавить ваша думка.,Мене не цікавить твоя думка.,68.0920928804224
941,Deine Meinung ist sehr konstruktiv.,Твоя думка дуже конструктивна.,Твоя думка дуже конструктивна.,100.0
942,Deine Mutter ist ein Computer.,Твоя мати - комп'ютер.,Твоя мама - комп'ютер.,69.36753333812158
943,Deine Mutter wird mich umbringen.,Твоя мама мене вб'є.,Твоя мати мене вб'є.,64.47177822177822
944,Dein Englisch ist perfekt.,У тебе досконала англійська.,Твоя англійська ідеальна.,41.53675698369607
945,Dein Erfolg ist das Ergebnis deiner harten Arbeit.,Твій успіх - результат твоєї важкої праці.,Твій успіх - результат важкої праці.,79.51475483884833
946,Dein Französisch ist perfekt.,У тебе досконала французька.,Твоя французька - ідеальна.,41.15410494176028
947,Dein Französisch ist schon viel besser geworden.,Твоя французька стала набагато краща.,Твоя французька вже стала набагато кращою.,85.44450101230348
948,Dein Freund ist hier.,Твій друг тут.,Твій друг тут.,100.0
949,Dein Führerschein ist abgelaufen.,Твої водійські права прострочені.,Твоє право водія закінчене.,22.85247907423591
950,Dein Geld brauch ich nicht. Ich brauche deine Zeit.,Мені не потрібні твої гроші. Мені потрібен твій час.,"Твої гроші мені не потрібні, мені потрібен твій час.",79.33376571213543
951,Dein Haus ist fantastisch.,Твій будинок просто фантастичний.,Твій дім фантастичний.,45.52063484621439
952,Dein Haus muss repariert werden.,Твій будинок потребує ремонту.,Твій дім треба ремонтувати.,34.19695197684725
953,Dein Hund biss mich in die Hand.,Твій собака вкусив мене за руку.,Твій собака в мене в руці.,50.482787986017726
954,Dein Hund hat mich in die Hand gebissen.,Твій собака вкусив мене за руку.,Твій собака вкусив мене в руку.,81.70410014591381
955,Dein Kleid gefällt mir.,Мені подобається твоя сукня.,Мені подобається твоя сукня.,100.0
956,Dein Kleid ist schon nicht mehr in Mode.,Твоє плаття вже вийшло з моди.,Твоя сукня вже не модна.,17.282271552295455
957,Dein Reißverschluss ist offen.,У тебе розстебнута ширінька!,Твоя застібка відкрита.,10.872961319752546
958,Dein Vorschlag gefällt mir.,Мені подобається твоя пропозиція.,Мені подобається твоя пропозиція.,100.0
959,Dein Wort in Gottes Ohr!,Твої б слова та богу в вуха!,Ваше слово в Боже вухо!,17.81698490817119
960,Delfine und Wale sind keine Fische.,Детьфіни та кити не риби.,Дельфіни та кити - це не риби.,67.56010764623733
961,"Dem nach zu urteilen, was sie sagt, ist er schuldig.","Судячи з того, що вона каже, він винний.","Судячи з того, що вона говорить, він винен.",65.18595503876567
962,Den Apfel habe ich gegessen.,Я з'їв яблуко.,Я з'їв яблуко.,100.0
963,Den Film will ich noch einmal sehen.,Я хочу подивитися цей фільм ще раз.,Я хочу подивитися цей фільм ще раз.,100.0
964,Denke an deine Zukunft!,Подумай про своє майбутнє.,Подумайте про вашу майбутність!,48.74027584671577
965,"Denke daran, dass du Staub bist.","Пам’ятай, що ти порох.","Пам'ятай, що ти порох.",78.15727573080515
966,Denke darüber nach.,Поміркуй над цим.,Подумайте про це.,11.996336996336998
967,"Denken Sie, Tom ist betrunken?","Гадаєте, Том п'яний?","Ви думаєте, Том п'яний?",77.83515676444452
968,Denke über deine Zukunft nach!,Подумай про своє майбутнє.,Подумайте про ваше майбутнє!,54.48542489791565
969,Denk mal drüber nach.,"Подумай про це, будь ласка.",Подумай про це.,56.472714068795206
970,Denkst du auf Französisch?,Ти думаєш французькою?,Ти думаєш французькою?,100.0
971,"Denkst du, dass ich meine Zeit vertue?","Гадаєш, я марную свій час?",що я трахну свій час?,35.4176949290783
972,"Denkst du, Tom ist betrunken?","Гадаєш, Том п'яний?","Ти думаєш, Том п'яний?",76.18034931617126
973,"Denkt ihr, Tom ist betrunken?","Гадаєте, Том п'яний?","Гадаєте, Том п'яний?",100.0
974,Den Studenten gefällt es.,Студентам він подобається.,студентам це подобається.,68.02674912298023
975,Den Tapferen hilft das Glück.,Доля посміхається сміливим.,Слабкості сприяють щастю.,9.949505512563867
976,Der Affe fiel vom Baum.,Мавпа упала з дерева.,Мавпа впала з дерева.,74.09744667097607
977,Der alte Hund bellte.,Старий пес загавкав.,Старий пес заманив.,60.83222497879787
978,Der alte Mann gab ihr eine kleine Puppe.,Цей дідусь подарував їй маленьку ляльку.,Старий дав їй маленьку ляльку.,55.705959633763314
979,Der Alte schenkte ihr eine kleine Puppe.,Цей дідусь подарував їй маленьку ляльку.,Старий подарував їй маленьку ляльку.,73.23141831037091
980,Der Anfang der Geschichte ist interessant.,Початок розповіді цікавий.,Початки історії цікаві.,29.843307091598682
981,Der Antisemitismus ist der Sozialismus der dummen Kerle.,Антисемитизм - це соціалізм для дурнів.,Антисемітизм - це соціалізм дурних хлопців.,67.36003417229954
982,Der Apfel fiel vom Baum.,Яблуко впало з дерева.,Яблуко попало з дерева.,74.9408395085026
983,Der Apfel ist gelb.,Це яблуко жовте.,Яблуко жовте.,73.49961553790902
984,Der Apfel ist gelb.,Яблуко жовте.,Яблуко жовте.,100.0
985,Der Apfel ist noch nicht reif.,Яблуко ще не стигле.,Яблуко ще не готове.,57.948926073926074
986,Der Apfel ist vom Baum gefallen.,Яблуко впало з дерева.,Яблуко попало з дерева.,74.9408395085026
987,Der Architekt adaptierte das Haus an die Bedürfnisse alter Menschen.,Архітектор пристосував будинок під потреби похилих людей.,Будівельник задовольнив потреби людей похилого віку.,26.41110943230417
988,"Der Arzt riet ihm ihm, mit dem Rauchen aufzuhören.",Лікар порадив йому кинути палити.,Лікар порадив йому кинути курити.,80.02552895306519
989,Der Aufzug funktioniert heute nicht.,Ліфт сьогодні не працює.,Сьогодні ліфт не працює.,60.93975748194015
990,Der Ausländer konnte überhaupt kein Japanisch.,Іноземець взагалі не знав японської.,Чужоземець зовсім не міг мати японської мови.,40.90077656580321
991,Der Autor hat einen schönen Stil.,У автора гарний стиль.,Автор має гарний стиль.,64.22639354034801
992,Der Bahnhof ist ganz in der Nähe des Hotels.,Станція знаходиться біля готелю.,Станція неподалік готелю.,36.46848051886937
993,Der Bär frisst einen Apfel.,Ведмідь їсть яблуко.,Ведмідь їсть яблуко.,100.0
994,Der Bär hat einen kurzen Schwanz.,У ведмедя короткий хвіст.,Ведмідь має короткий хвіст.,60.796656793643464
995,Der Baum ist grün.,Дерево зелене.,Дерево зелене.,100.0
996,Der Beamer funktioniert nicht.,Проектор не працює.,Бемер не працює.,50.582280852731365
997,Der Beamer geht nicht.,Проектор не працює.,Беамер не піде.,13.992703862274015
998,Der Berg ist mit Schnee bedeckt.,Гора вкрита снігом.,Гора покрита снігом.,72.45324739600863
999,Der Bleistift ist schwarz.,Олівець чорний.,Олівець чорний.,100.0
